state_name,state,state_fips,year,Population,Unemploymentrate,Personalincome,StateMinimumWage
AL,1,1,1980,3893888,8.9,30864240,3.1
AK,2,2,1980,401851,9.6,6204950,3.6
AZ,3,4,1980,2718215,6.6,26363186,3.1
AR,4,5,1980,2286435,7.6,17371177,2.55
CA,5,6,1980,23667902,6.8,283852405,3.1
CO,6,8,1980,2889964,5.8,31667476,1.9
CT,7,9,1980,3107576,5.8,38457972,3.12
DE,8,10,1980,594338,7.6,6428975,2
DC,9,11,1980,638333,7.4,8355120,3.1
FL,10,12,1980,9746324,6.1,100174719,3.1
GA,11,13,1980,5463105,6.3,46930712,1.25
HI,12,15,1980,964691,5.0,11460741,3.1
ID,13,16,1980,943935,7.5,8316840,3.1
IL,14,17,1980,11426518,8.2,125267355,2.3
IN,15,18,1980,5490224,9.6,51176800,3.1
IA,16,19,1980,2913808,6.0,27990985,3.1
KS,17,20,1980,2363679,4.4,23851556,3.1
KY,18,21,1980,3660777,8.0,29770590,2.15
LA,19,22,1980,4205900,6.9,37068679,3.1
ME,20,23,1980,1124660,7.6,9584669,3.1
MD,21,24,1980,4216975,6.6,48538857,3.1
MA,22,25,1980,5737037,5.6,61455326,3.1
MI,23,26,1980,9262078,12.3,94142514,3.1
MN,24,27,1980,4075970,5.8,41697467,2.9
MS,25,28,1980,2520638,7.4,17998291,3.1
MO,26,29,1980,4916686,7.2,46090765,3.1
MT,27,30,1980,786690,6.1,7210173,2.5
NE,28,31,1980,1569825,3.9,14761594,3.1
NV,29,32,1980,800493,6.2,9565424,2.75
NH,30,33,1980,920610,4.5,9274186,3.1
NJ,31,34,1980,7364823,7.2,86955685,3.1
NM,32,35,1980,1302894,7.6,11219375,2.9
NY,33,36,1980,17558072,7.5,193182470,3.1
NC,34,37,1980,5881766,6.4,48934688,2.9
ND,35,38,1980,652717,4.9,5279606,3.1
OH,36,39,1980,10797630,8.4,107027918,3.1
OK,37,40,1980,3025290,4.4,29132371,3.1
OR,38,41,1980,2633105,8.5,26825715,2.9
PA,39,42,1980,11863895,8.0,118970218,3.1
RI,40,44,1980,947154,7.2,9335325,2.9
SC,41,45,1980,3121820,6.7,24830814,3.1
SD,42,46,1980,690768,4.8,5719001,2.3
TN,43,47,1980,4591120,7.4,38000362,3.1
TX,44,48,1980,14229191,5.1,142639001,3.1
UT,45,49,1980,1461037,6.2,12172076,2.6
VT,46,50,1980,511456,6.2,4469318,3.1
VA,47,51,1980,5346818,5.2,56563481,2.65
WA,48,53,1980,4132156,8.1,45791768,3.1
WV,49,54,1980,1949644,9.5,15557866,2.2
WI,50,55,1980,4705767,7.2,47052952,3
WY,51,56,1980,469557,3.9,5451246,1.6
AL,1,1,1981,3918531,10.6,34263541,3.35
AK,2,2,1981,418491,9.4,7057192,3.85
AZ,3,4,1981,2810107,6.2,30118690,3.35
AR,4,5,1981,2293201,8.7,19657239,2.7
CA,5,6,1981,24285933,7.4,318833657,3.35
CO,6,8,1981,2977898,5.7,36459220,1.9
CT,7,9,1981,3128836,6.2,43173687,3.37
DE,8,10,1981,595975,7.8,7076416,2
DC,9,11,1981,636893,8.9,8971160,3.35
FL,10,12,1981,10192774,6.7,115826766,3.35
GA,11,13,1981,5568345,6.4,53090574,1.25
HI,12,15,1981,978195,5.4,12391045,3.35
ID,13,16,1981,962204,7.7,9171608,3.35
IL,14,17,1981,11443458,8.5,138797538,2.3
IN,15,18,1981,5480435,9.9,56129291,3.35
IA,16,19,1981,2907983,6.6,31667179,3.35
KS,17,20,1981,2384849,4.3,27024244,3.35
KY,18,21,1981,3670394,8.6,33114794,2.15
LA,19,22,1981,4283303,8.4,42736140,3.35
ME,20,23,1981,1133033,7.4,10586283,3.35
MD,21,24,1981,4261905,7.3,53951891,3.35
MA,22,25,1981,5768685,6.5,68461988,3.35
MI,23,26,1981,9209287,12.4,100693108,3.35
MN,24,27,1981,4111728,5.8,46202501,3.1
MS,25,28,1981,2539036,8.5,20205005,3.35
MO,26,29,1981,4932064,7.6,51466552,3.35
MT,27,30,1981,795328,6.8,8185714,2.5
NE,28,31,1981,1578515,4.2,17127803,3.35
NV,29,32,1981,847655,7.2,10882149,2.75
NH,30,33,1981,936621,5.2,10505613,3.35
NJ,31,34,1981,7407472,7.4,97057434,3.35
NM,32,35,1981,1332748,7.3,12687802,3.35
NY,33,36,1981,17567734,7.6,215239003,3.35
NC,34,37,1981,5956653,6.5,55093632,2.9
ND,35,38,1981,659505,4.8,6914367,3.35
OH,36,39,1981,10788330,9.4,116356076,3.35
OK,37,40,1981,3096164,3.6,34025236,3.1
OR,38,41,1981,2667982,9.8,28976957,3.1
PA,39,42,1981,11858567,8.4,131279831,3.35
RI,40,44,1981,953013,7.8,10402978,3.1
SC,41,45,1981,3179255,8.1,27941168,3.35
SD,42,46,1981,689584,5.0,6647391,2.3
TN,43,47,1981,4627658,9.0,42287567,3.35
TX,44,48,1981,14746318,5.3,167739363,3.35
UT,45,49,1981,1515471,6.6,13724644,2.75
VT,46,50,1981,515594,5.8,5035413,3.35
VA,47,51,1981,5444097,6.0,63482516,3.35
WA,48,53,1981,4235731,9.6,51106487,3.35
WV,49,54,1981,1954124,10.6,16961583,2.75
WI,50,55,1981,4726343,8.0,51320993,3.25
WY,51,56,1981,491712,4.1,6230971,1.6
AL,1,1,1982,3925266,14.1,36197910,3.35
AK,2,2,1982,449606,9.9,8610173,3.85
AZ,3,4,1982,2889861,10.1,31884829,3.35
AR,4,5,1982,2294257,9.9,20676166,2.8
CA,5,6,1982,24820009,10.0,340836724,3.35
CO,6,8,1982,3061564,7.3,39984337,1.9
CT,7,9,1982,3139013,6.9,46616812,3.37
DE,8,10,1982,599148,8.4,7625571,2
DC,9,11,1982,634174,10.4,9567530,3.35
FL,10,12,1982,10471407,8.4,125266195,3.35
GA,11,13,1982,5649792,7.8,57498742,1.25
HI,12,15,1982,993780,6.3,13076982,3.35
ID,13,16,1982,973721,9.9,9563932,3.35
IL,14,17,1982,11423412,11.4,146883163,2.3
IN,15,18,1982,5467922,12.0,58057065,3.35
IA,16,19,1982,2888189,8.5,32599503,3.35
KS,17,20,1982,2401202,6.3,29305092,3.35
KY,18,21,1982,3683445,10.8,35287385,2.15
LA,19,22,1982,4352608,10.3,45907722,3.35
ME,20,23,1982,1136684,8.4,11464150,3.35
MD,21,24,1982,4282923,8.3,58495108,3.35
MA,22,25,1982,5771222,7.7,75054202,3.35
MI,23,26,1982,9115198,15.4,103937962,3.35
MN,24,27,1982,4131450,7.9,49470144,3.35
MS,25,28,1982,2556777,11.1,21340298,3.35
MO,26,29,1982,4929451,9.199999999999999,54991252,3.35
MT,27,30,1982,803986,8.5,8627306,2.75
NE,28,31,1982,1581780,5.6,18435447,3.35
NV,29,32,1982,881537,9.9,11641320,2.75
NH,30,33,1982,947719,6.8,11568428,3.35
NJ,31,34,1982,7430968,8.699999999999999,104844478,3.35
NM,32,35,1982,1363823,9.199999999999999,13849319,3.35
NY,33,36,1982,17589738,8.5,233470201,3.35
NC,34,37,1982,6019101,9.199999999999999,59016015,3.1
ND,35,38,1982,668972,5.6,7487357,3.35
OH,36,39,1982,10757087,12.7,121686637,3.35
OK,37,40,1982,3206123,6.0,37993649,3.1
OR,38,41,1982,2664922,11.5,29703264,3.1
PA,39,42,1982,11845146,11.2,140158661,3.35
RI,40,44,1982,954170,9.699999999999999,11168804,3.35
SC,41,45,1982,3207614,11.1,29708074,3.35
SD,42,46,1982,690597,5.5,7034068,2.8
TN,43,47,1982,4646041,11.7,44963374,3.35
TX,44,48,1982,15331415,6.9,184332493,3.35
UT,45,49,1982,1558314,8.199999999999999,14915627,3.35
VT,46,50,1982,519109,7.0,5446636,3.35
VA,47,51,1982,5492783,7.4,68641647,3.35
WA,48,53,1982,4276552,11.9,54139646,3.35
WV,49,54,1982,1949604,14.0,17969907,3.05
WI,50,55,1982,4728870,10.5,54102808,3.25
WY,51,56,1982,506400,6.2,6552885,1.6
AL,1,1,1983,3934102,13.8,38771851,3.35
AK,2,2,1983,488417,9.9,9368256,3.85
AZ,3,4,1983,2968925,8.800000000000001,35029874,3.35
AR,4,5,1983,2305761,9.9,21988073,2.95
CA,5,6,1983,25360026,9.800000000000001,368675480,3.35
CO,6,8,1983,3133630,7.1,42968979,2.5
CT,7,9,1983,3162354,6.0,49858707,3.37
DE,8,10,1983,605458,7.7,8163545,3
DC,9,11,1983,632433,11.2,9977198,3.35
FL,10,12,1983,10749851,8.5,139241897,3.35
GA,11,13,1983,5728250,7.7,63100546,1.25
HI,12,15,1983,1012717,6.2,14419849,3.35
ID,13,16,1983,981869,8.9,10362783,2.3
IL,14,17,1983,11408818,11.8,153272385,2.3
IN,15,18,1983,5450395,11.2,60856657,2
IA,16,19,1983,2870543,8.1,33319878,3.35
KS,17,20,1983,2415531,5.9,30569508,1.6
KY,18,21,1983,3694484,11.4,36629766,2.6
LA,19,22,1983,4395316,11.5,47839547,3.35
ME,20,23,1983,1144772,8.300000000000001,12294408,3.35
MD,21,24,1983,4313327,7.0,62780435,3.35
MA,22,25,1983,5799407,6.8,81578422,3.35
MI,23,26,1983,9047754,14.4,110447808,3.35
MN,24,27,1983,4141456,8.0,52085956,3.35
MS,25,28,1983,2567717,12.1,22336974,3.35
MO,26,29,1983,4943733,9.9,58675314,3.35
MT,27,30,1983,814031,8.6,9090637,3.35
NE,28,31,1983,1584293,5.6,19113083,1.6
NV,29,32,1983,901977,9.6,12367311,2.75
NH,30,33,1983,958134,5.5,12714401,3.35
NJ,31,34,1983,7467785,8.0,113452401,3.35
NM,32,35,1983,1394361,9.699999999999999,14836770,3.35
NY,33,36,1983,17686905,8.699999999999999,251847877,3.35
NC,34,37,1983,6077056,9.0,64310265,3.35
ND,35,38,1983,676688,5.7,7887475,3.35
OH,36,39,1983,10737632,12.4,129000255,2.3
OK,37,40,1983,3290402,8.4,38869340,3.35
OR,38,41,1983,2653066,10.8,31521314,3.1
PA,39,42,1983,11837723,11.5,146951760,3.35
RI,40,44,1983,956382,8.300000000000001,12049253,3.35
SC,41,45,1983,3234066,9.9,32286069,3.35
SD,42,46,1983,693008,5.2,7326712,2.8
TN,43,47,1983,4659749,11.5,48000072,3.35
TX,44,48,1983,15751676,7.9,196082087,1.4
UT,45,49,1983,1594943,8.699999999999999,15955618,3.35
VT,46,50,1983,523302,6.4,5815938,3.35
VA,47,51,1983,5564657,6.4,74262375,2.65
WA,48,53,1983,4300266,11.1,57662556,2.3
WV,49,54,1983,1945061,17.8,18449453,3.05
WI,50,55,1983,4721438,10.2,56952258,3.25
WY,51,56,1983,510345,8.199999999999999,6481624,1.6
AL,1,1,1984,3951820,11.0,42649118,3.35
AK,2,2,1984,513702,9.800000000000001,9961459,3.85
AZ,3,4,1984,3067135,5.2,39699293,3.35
AR,4,5,1984,2319768,8.699999999999999,24474975,3.05
CA,5,6,1984,25844393,7.8,409989187,3.35
CO,6,8,1984,3169992,5.4,46898660,3
CT,7,9,1984,3180014,4.7,55856174,3.37
DE,8,10,1984,611565,6.3,8995632,3
DC,9,11,1984,633382,9.1,10899046,3.35
FL,10,12,1984,11039925,6.4,154951730,3.35
GA,11,13,1984,5834954,6.1,71482946,3.25
HI,12,15,1984,1027922,5.7,15454096,3.35
ID,13,16,1984,990839,7.3,11083457,2.3
IL,14,17,1984,11412132,9.0,168779744,3
IN,15,18,1984,5458322,8.6,67573875,2
IA,16,19,1984,2858618,7.0,37002288,3.35
KS,17,20,1984,2424086,4.9,33478357,1.6
KY,18,21,1984,3695453,9.300000000000001,40882623,2.6
LA,19,22,1984,4400477,10.1,50914162,3.35
ME,20,23,1984,1155635,6.2,13639159,3.35
MD,21,24,1984,4365243,5.4,69611724,3.35
MA,22,25,1984,5840773,4.8,92019548,3.35
MI,23,26,1984,9049452,11.2,122143721,3.35
MN,24,27,1984,4157706,6.3,59084082,3.35
MS,25,28,1984,2578051,10.5,24400947,3.35
MO,26,29,1984,4975278,7.2,65050681,3.35
MT,27,30,1984,820905,7.6,9613235,2.75
NE,28,31,1984,1588639,4.5,21224174,1.6
NV,29,32,1984,924922,7.9,13493387,2.75
NH,30,33,1984,976864,4.3,14383191,3.35
NJ,31,34,1984,7515473,6.2,125654526,3.35
NM,32,35,1984,1416717,7.8,16218576,3.35
NY,33,36,1984,17745684,7.2,279011598,3.35
NC,34,37,1984,6164006,6.7,72718393,3.35
ND,35,38,1984,680497,5.3,8492880,3.35
OH,36,39,1984,10737746,9.5,142456412,2.3
OK,37,40,1984,3285533,7.1,41684153,3.35
OR,38,41,1984,2666588,9.4,34216272,3.1
PA,39,42,1984,11815172,9.1,158681543,3.35
RI,40,44,1984,961894,5.5,13280099,3.35
SC,41,45,1984,3271868,6.9,35967206,3.35
SD,42,46,1984,697249,4.4,8291305,2.8
TN,43,47,1984,4686737,8.5,53410068,3.35
TX,44,48,1984,16007086,6.1,214972612,1.4
UT,45,49,1984,1622342,6.5,17598302,3.35
VT,46,50,1984,526660,5.1,6418440,3.35
VA,47,51,1984,5643870,5.1,82639957,2.65
WA,48,53,1984,4343656,9.300000000000001,61887083,2.3
WV,49,54,1984,1927697,14.8,19840150,3.05
WI,50,55,1984,4735563,7.4,62644454,3.25
WY,51,56,1984,504896,6.3,6760300,1.6
AL,1,1,1985,3972523,9.199999999999999,45942335,3.35
AK,2,2,1985,532495,9.699999999999999,10772149,3.85
AZ,3,4,1985,3183538,6.3,44054015,3.35
AR,4,5,1985,2327046,8.699999999999999,26082631,3.15
CA,5,6,1985,26441109,7.2,443346410,3.35
CO,6,8,1985,3208723,6.1,49560424,3
CT,7,9,1985,3201131,4.7,59950829,3.37
DE,8,10,1985,618280,5.1,9806074,3
DC,9,11,1985,634549,8.1,11548191,3.35
FL,10,12,1985,11351118,6.0,170340970,3.35
GA,11,13,1985,5962661,6.4,78389015,3.25
HI,12,15,1985,1039698,5.4,16453428,3.35
ID,13,16,1985,994051,7.9,11634316,2.3
IL,14,17,1985,11399806,9.1,177588231,3.35
IN,15,18,1985,5459211,7.8,71325420,2
IA,16,19,1985,2829684,7.5,38315345,3.35
KS,17,20,1985,2427405,5.1,35289105,1.6
KY,18,21,1985,3694826,9.199999999999999,42685414,2.6
LA,19,22,1985,4408118,11.6,52996795,3.35
ME,20,23,1985,1162936,5.5,14708268,3.45
MD,21,24,1985,4413071,4.6,75637475,3.35
MA,22,25,1985,5880733,4.0,99606265,3.35
MI,23,26,1985,9076293,10.0,132507384,3.35
MN,24,27,1985,4184302,6.0,62698124,3.35
MS,25,28,1985,2588102,10.4,25725576,3.35
MO,26,29,1985,5000268,6.5,69635804,3.35
MT,27,30,1985,822320,7.7,9761494,3.05
NE,28,31,1985,1584664,5.2,22366484,1.6
NV,29,32,1985,951030,7.7,14709192,2.75
NH,30,33,1985,996753,3.7,15892572,3.35
NJ,31,34,1985,7565528,5.6,134893648,3.35
NM,32,35,1985,1438361,8.300000000000001,17534394,3.35
NY,33,36,1985,17791672,6.6,298868264,3.35
NC,34,37,1985,6253954,5.6,78721174,3.35
ND,35,38,1985,676980,5.7,8782366,3.35
OH,36,39,1985,10734926,8.9,151328013,2.3
OK,37,40,1985,3271332,7.2,43419381,3.35
OR,38,41,1985,2672652,8.800000000000001,35892259,3.1
PA,39,42,1985,11770862,8.0,168466148,3.35
RI,40,44,1985,968955,4.6,14283447,3.35
SC,41,45,1985,3303209,6.9,38533651,3.35
SD,42,46,1985,698402,4.8,8517981,2.8
TN,43,47,1985,4715296,7.9,57236417,3.35
TX,44,48,1985,16272734,7.0,231268930,1.4
UT,45,49,1985,1642910,6.0,18879636,3.35
VT,46,50,1985,530035,4.8,6937305,3.35
VA,47,51,1985,5715153,5.5,89530895,2.65
WA,48,53,1985,4400098,8.4,65734074,2.3
WV,49,54,1985,1906831,13.1,20661268,3.05
WI,50,55,1985,4747767,7.2,66041717,3.25
WY,51,56,1985,499695,6.9,7066297,1.6
AL,1,1,1986,3991569,9.699999999999999,48627446,3.35
AK,2,2,1986,544268,10.9,10868683,3.85
AZ,3,4,1986,3308262,6.9,48294793,3.35
AR,4,5,1986,2331984,8.6,27399821,3.35
CA,5,6,1986,27102237,6.7,476271961,3.35
CO,6,8,1986,3237450,7.5,51512722,3
CT,7,9,1986,3223740,3.8,64560716,3.37
DE,8,10,1986,627559,4.3,10431043,3.35
DC,9,11,1986,638269,7.5,12133514,3.35
FL,10,12,1986,11667505,5.8,184230468,3.35
GA,11,13,1986,6084666,6.0,85539433,3.25
HI,12,15,1986,1051762,4.8,17468188,3.35
ID,13,16,1986,990224,8.4,11902464,2.3
IL,14,17,1986,11387257,8.300000000000001,186842150,3.35
IN,15,18,1986,5454108,6.9,75220555,2
IA,16,19,1986,2791970,6.8,39614354,3.35
KS,17,20,1986,2432619,5.3,36988079,1.6
KY,18,21,1986,3687809,9.4,43905007,3.35
LA,19,22,1986,4406919,12.8,53025000,3.35
ME,20,23,1986,1170126,5.3,15970626,3.55
MD,21,24,1986,4486957,4.6,81682411,3.35
MA,22,25,1986,5902678,3.9,107410509,3.55
MI,23,26,1986,9127775,8.800000000000001,141065411,3.35
MN,24,27,1986,4205212,5.5,66395130,3.35
MS,25,28,1986,2593597,11.4,26678772,3.35
MO,26,29,1986,5023068,6.2,73376484,3.35
MT,27,30,1986,813739,7.9,10152794,3.35
NE,28,31,1986,1574333,5.0,23031245,1.6
NV,29,32,1986,980613,6.2,15912885,2.75
NH,30,33,1986,1025053,2.8,17589083,3.35
NJ,31,34,1986,7622159,5.0,144359457,3.35
NM,32,35,1986,1462729,9.300000000000001,18255711,3.35
NY,33,36,1986,17833419,6.2,318949769,3.35
NC,34,37,1986,6321578,5.3,84796696,3.35
ND,35,38,1986,669512,5.9,8910617,3.35
OH,36,39,1986,10730268,8.300000000000001,158445882,2.3
OK,37,40,1986,3252735,8.199999999999999,43625647,3.35
OR,38,41,1986,2683528,8.0,37856822,3.35
PA,39,42,1986,11782752,6.9,177342443,3.35
RI,40,44,1986,977341,4.1,15348279,3.55
SC,41,45,1986,3342758,6.4,41172834,3.35
SD,42,46,1986,696034,4.6,8896433,2.8
TN,43,47,1986,4738708,7.9,61284468,3.35
TX,44,48,1986,16561113,8.800000000000001,236746076,1.4
UT,45,49,1986,1662834,6.1,19816954,3.35
VT,46,50,1986,534066,4.3,7479849,3.45
VA,47,51,1986,5811700,5.0,96590314,2.65
WA,48,53,1986,4452720,8.1,70366088,2.3
WV,49,54,1986,1882350,11.8,21170283,3.05
WI,50,55,1986,4755618,7.0,69705474,3.25
WY,51,56,1986,495633,8.9,7021157,1.6
AL,1,1,1987,4015264,8.1,51486400,3.35
AK,2,2,1987,539309,10.3,10430514,3.85
AZ,3,4,1987,3437103,6.5,52226134,3.35
AR,4,5,1987,2342355,8.1,28476005,3.35
CA,5,6,1987,27777158,5.8,513636748,3.35
CO,6,8,1987,3260480,7.5,53462768,3
CT,7,9,1987,3247291,3.4,70594722,3.75
DE,8,10,1987,636947,3.1,11269736,3.35
DC,9,11,1987,636930,6.3,12781025,3.35
FL,10,12,1987,11997283,5.3,199396960,3.35
GA,11,13,1987,6208467,5.7,92052320,3.25
HI,12,15,1987,1067918,3.8,18623163,3.35
ID,13,16,1987,984997,7.6,12490918,2.3
IL,14,17,1987,11391178,7.4,197670677,3.35
IN,15,18,1987,5473012,6.2,79856399,2
IA,16,19,1987,2767011,5.5,41467308,3.35
KS,17,20,1987,2445367,4.8,38669638,1.6
KY,18,21,1987,3683329,8.5,46333321,3.35
LA,19,22,1987,4344148,12.1,53216629,3.35
ME,20,23,1987,1184574,4.4,17383822,3.65
MD,21,24,1987,4565557,4.4,88108956,3.35
MA,22,25,1987,5935204,3.2,116375406,3.65
MI,23,26,1987,9187481,8.300000000000001,146705873,3.35
MN,24,27,1987,4235136,5.1,70827147,3.35
MS,25,28,1987,2588545,10.0,28202012,3.35
MO,26,29,1987,5056696,6.3,77319358,3.35
MT,27,30,1987,805063,7.4,10434021,3.35
NE,28,31,1987,1566547,4.4,24074574,3.35
NV,29,32,1987,1023376,6.1,17403811,3.35
NH,30,33,1987,1054289,2.3,19464425,3.45
NJ,31,34,1987,7670742,4.1,155776344,3.35
NM,32,35,1987,1478520,8.699999999999999,19052079,3.35
NY,33,36,1987,17868848,4.9,340487199,3.35
NC,34,37,1987,6403700,4.5,91333783,3.35
ND,35,38,1987,661136,5.0,9161561,3.35
OH,36,39,1987,10760090,7.1,166010875,2.3
OK,37,40,1987,3210122,7.3,43450859,3.35
OR,38,41,1987,2700991,6.3,39855476,3.35
PA,39,42,1987,11810866,5.6,187911697,3.35
RI,40,44,1987,989604,3.6,16479434,3.65
SC,41,45,1987,3380506,5.5,44131715,3.35
SD,42,46,1987,696036,4.2,9364373,2.8
TN,43,47,1987,4782927,6.6,66008117,3.35
TX,44,48,1987,16621791,8.4,241509519,3.35
UT,45,49,1987,1678119,6.2,20741022,3.35
VT,46,50,1987,540267,3.6,8136635,3.55
VA,47,51,1987,5932268,4.3,104293767,2.65
WA,48,53,1987,4531901,7.3,74684332,2.3
WV,49,54,1987,1857585,10.8,21701260,3.35
WI,50,55,1987,4777919,5.9,73574026,3.25
WY,51,56,1987,476965,8.0,6754137,1.6
AL,1,1,1988,4023844,7.2,55388090,3.35
AK,2,2,1988,541983,8.800000000000001,10875485,3.85
AZ,3,4,1988,3535183,6.4,56265019,3.35
AR,4,5,1988,2342656,7.6,30546100,3.35
CA,5,6,1988,28464249,5.3,558066083,4.25
CO,6,8,1988,3262281,6.5,56574733,3
CT,7,9,1988,3271953,3.0,77854455,4.25
DE,8,10,1988,647622,3.1,12318653,3.35
DC,9,11,1988,630432,5.0,14041999,3.35
FL,10,12,1988,12306395,5.1,218709966,3.35
GA,11,13,1988,6316142,5.7,100335299,3.25
HI,12,15,1988,1079828,3.2,20461349,3.85
ID,13,16,1988,985664,6.0,13524893,2.3
IL,14,17,1988,11390183,6.7,212990719,3.35
IN,15,18,1988,5491735,5.2,85438311,2
IA,16,19,1988,2768388,4.5,42750976,3.35
KS,17,20,1988,2461996,4.5,40681838,2.65
KY,18,21,1988,3679999,7.6,50389911,3.35
LA,19,22,1988,4288863,10.8,56162777,3.35
ME,20,23,1988,1203840,3.6,19127295,3.65
MD,21,24,1988,4657904,4.3,96766594,3.35
MA,22,25,1988,5979982,3.3,127991216,3.75
MI,23,26,1988,9217998,7.5,156538879,3.35
MN,24,27,1988,4296166,4.3,74630070,3.55
MS,25,28,1988,2580352,8.4,30162096,3.35
MO,26,29,1988,5081736,5.7,82003345,3.35
MT,27,30,1988,800202,6.6,10714600,3.35
NE,28,31,1988,1571477,3.6,25715284,3.35
NV,29,32,1988,1075022,5.2,19785829,3.35
NH,30,33,1988,1082577,2.4,21419236,3.55
NJ,31,34,1988,7712333,3.8,171093247,3.35
NM,32,35,1988,1490337,7.5,20112493,3.35
NY,33,36,1988,17941309,4.3,373992930,3.35
NC,34,37,1988,6480594,3.6,100022056,3.35
ND,35,38,1988,655331,4.7,8473720,3.35
OH,36,39,1988,10798552,6.0,178043191,2.3
OK,37,40,1988,3167057,6.4,45332471,3.35
OR,38,41,1988,2741297,5.8,43415873,3.35
PA,39,42,1988,11845752,5.0,203518393,3.35
RI,40,44,1988,996408,3.1,18173181,4
SC,41,45,1988,3412096,4.7,47967404,3.35
SD,42,46,1988,698165,4.1,9759935,3.35
TN,43,47,1988,4822437,5.8,71769376,3.35
TX,44,48,1988,16667022,7.3,256262447,3.35
UT,45,49,1988,1689372,5.0,22051776,3.35
VT,46,50,1988,549763,3.0,8896581,3.65
VA,47,51,1988,6036909,3.9,114134538,2.65
WA,48,53,1988,4639893,6.3,81318656,2.3
WV,49,54,1988,1830215,9.800000000000001,23149755,3.35
WI,50,55,1988,4822388,4.4,78143063,3.35
WY,51,56,1988,465101,6.5,6890814,1.6
AL,1,1,1989,4030222,7.0,60312581,3.35
AK,2,2,1989,547159,7.0,11938954,3.85
AZ,3,4,1989,3622185,5.3,60486975,3.35
AR,4,5,1989,2346358,7.0,32776869,3.35
CA,5,6,1989,29218164,5.1,601183746,4.25
CO,6,8,1989,3275818,5.7,61209049,3
CT,7,9,1989,3283403,3.8,84525768,4.25
DE,8,10,1989,658273,3.5,13716907,3.35
DC,9,11,1989,624168,4.9,14970581,3.35
FL,10,12,1989,12637715,5.6,244145082,3.35
GA,11,13,1989,6411099,5.5,108165689,3.25
HI,12,15,1989,1094588,2.5,22865408,3.85
ID,13,16,1989,994416,5.3,14924453,2.3
IL,14,17,1989,11409782,6.0,226785013,3.35
IN,15,18,1989,5523693,4.9,93122680,2
IA,16,19,1989,2770592,4.2,46532603,3.35
KS,17,20,1989,2472849,4.2,42989167,2.65
KY,18,21,1989,3677306,6.4,54151355,3.35
LA,19,22,1989,4252894,8.0,59669915,3.35
ME,20,23,1989,1219961,4.0,20817675,3.75
MD,21,24,1989,4727301,3.8,104489827,3.35
MA,22,25,1989,6015478,4.2,134970796,3.75
MI,23,26,1989,9253295,7.1,168621581,3.35
MN,24,27,1989,4338057,4.3,81661558,3.85
MS,25,28,1989,2574269,7.8,32651634,3.35
MO,26,29,1989,5095830,5.5,87798850,3.35
MT,27,30,1989,799636,5.8,11815126,3.35
NE,28,31,1989,1574864,2.9,27268495,3.35
NV,29,32,1989,1137382,4.7,22278166,3.35
NH,30,33,1989,1104522,3.5,22925371,3.65
NJ,31,34,1989,7726089,4.1,183704780,3.35
NM,32,35,1989,1503901,6.7,21546318,3.35
NY,33,36,1989,17983086,5.0,404342796,3.35
NC,34,37,1989,6565459,3.5,109070662,3.35
ND,35,38,1989,646351,4.3,9506913,3.4
OH,36,39,1989,10829217,5.5,191552868,2.3
OK,37,40,1989,3150307,5.6,48329950,3.35
OR,38,41,1989,2790575,5.4,47825276,3.85
PA,39,42,1989,11865996,4.7,220428623,3.7
RI,40,44,1989,1000666,4.1,19796408,4.25
SC,41,45,1989,3456775,4.6,52225817,3.35
SD,42,46,1989,696701,4.0,10516247,3.35
TN,43,47,1989,4854444,5.1,77069823,3.35
TX,44,48,1989,16806735,6.7,274061924,3.35
UT,45,49,1989,1705864,4.5,23700811,3.35
VT,46,50,1989,557707,3.5,9842411,3.75
VA,47,51,1989,6120246,3.9,123358111,2.65
WA,48,53,1989,4746316,5.9,89962254,3.85
WV,49,54,1989,1806568,8.6,24528618,3.35
WI,50,55,1989,4856574,4.3,85276226,3.65
WY,51,56,1989,458374,6.1,7550290,1.6
AL,1,1,1990,4040389,6.8,64070364,3.8
AK,2,2,1990,550043,7.2,12650093,4.3
AZ,3,4,1990,3665339,5.3,63383028,3.8
AR,4,5,1990,2350624,6.9,34487482,3.8
CA,5,6,1990,29811427,5.8,643954932,4.25
CO,6,8,1990,3294473,5.2,64865685,3
CT,7,9,1990,3287116,5.1,86968737,4.25
DE,8,10,1990,666168,4.7,14403323,3.8
DC,9,11,1990,606900,6.3,15575579,3.8
FL,10,12,1990,12938071,6.1,260093568,3.8
GA,11,13,1990,6478149,5.5,115537974,3.25
HI,12,15,1990,1108229,2.7,24931086,3.85
ID,13,16,1990,1006734,5.5,16159229,3.8
IL,14,17,1990,11430602,6.1,240750225,3.8
IN,15,18,1990,5544156,5.3,98288101,3.35
IA,16,19,1990,2776831,4.4,49067459,3.85
KS,17,20,1990,2477588,4.3,45671041,2.65
KY,18,21,1990,3686892,6.0,57482504,3.8
LA,19,22,1990,4221826,6.2,64267316,3.8
ME,20,23,1990,1227928,5.3,21654835,3.85
MD,21,24,1990,4780753,4.5,110720316,3.8
MA,22,25,1990,6016425,6.3,139000167,3.75
MI,23,26,1990,9295287,7.6,176444356,3.35
MN,24,27,1990,4375665,4.8,86895595,3.95
MS,25,28,1990,2575475,7.6,34267522,3.8
MO,26,29,1990,5116901,5.8,91773727,3.8
MT,27,30,1990,799065,6.0,12429218,3.8
NE,28,31,1990,1578417,2.3,29214345,3.35
NV,29,32,1990,1201675,4.7,24994589,3.8
NH,30,33,1990,1109252,5.7,23025351,3.75
NJ,31,34,1990,7747750,5.0,192503740,3.8
NM,32,35,1990,1515069,6.6,23031799,3.35
NY,33,36,1990,17990778,5.3,432392237,3.8
NC,34,37,1990,6632448,4.1,115754709,3.35
ND,35,38,1990,638800,4.0,10290342,3.4
OH,36,39,1990,10847115,5.6,202826963,3.8
OK,37,40,1990,3145576,5.7,50948903,3.8
OR,38,41,1990,2842337,5.5,51672272,4.25
PA,39,42,1990,11882842,5.5,233194273,3.8
RI,40,44,1990,1003464,6.3,20307648,4.25
SC,41,45,1990,3486310,4.8,56081923,3.8
SD,42,46,1990,696004,3.8,11513251,3.8
TN,43,47,1990,4877203,5.3,81934674,3.8
TX,44,48,1990,16986335,6.3,296204968,3.35
UT,45,49,1990,1722850,4.4,25737076,3.8
VT,46,50,1990,562758,5.0,10205317,3.85
VA,47,51,1990,6189197,4.5,129544409,2.65
WA,48,53,1990,4866669,5.2,98856108,4.25
WV,49,54,1990,1793477,8.5,26120068,3.8
WI,50,55,1990,4891954,4.4,90143238,3.8
WY,51,56,1990,453589,5.3,8161335,1.6
AL,1,1,1991,4091025,7.3,67662101,4.25
AK,2,2,1991,569273,8.5,13199663,4.75
AZ,3,4,1991,3762394,5.9,66575466,4.25
AR,4,5,1991,2370666,7.4,36434402,4.25
CA,5,6,1991,30414114,7.7,665001713,4.25
CO,6,8,1991,3367567,5.3,68711303,3
CT,7,9,1991,3288640,6.5,87599501,4.27
DE,8,10,1991,680495,6.2,15238119,4.25
DC,9,11,1991,593239,7.8,16272212,4.25
FL,10,12,1991,13289497,7.5,270301132,4.25
GA,11,13,1991,6621279,5.2,121117611,3.25
HI,12,15,1991,1131412,2.9,26366349,3.85
ID,13,16,1991,1038915,6.2,16984993,4.25
IL,14,17,1991,11535973,7.3,245973750,4.25
IN,15,18,1991,5602062,6.0,101120415,3.35
IA,16,19,1991,2791227,4.7,50202706,4.25
KS,17,20,1991,2495209,4.4,47310950,2.65
KY,18,21,1991,3714686,7.3,60643068,4.25
LA,19,22,1991,4240950,7.3,67719711,4.25
ME,20,23,1991,1235439,7.5,21995830,4.25
MD,21,24,1991,4856176,6.1,114751265,4.25
MA,22,25,1991,5998652,8.6,141238542,3.75
MI,23,26,1991,9395022,9.199999999999999,180155777,3.35
MN,24,27,1991,4427429,5.1,89548001,4.25
MS,25,28,1991,2591230,8.5,36072135,4.25
MO,26,29,1991,5157770,6.6,95972532,4.25
MT,27,30,1991,807837,6.9,13256187,4.25
NE,28,31,1991,1590805,2.7,30327262,4.25
NV,29,32,1991,1285046,5.8,27487103,4.25
NH,30,33,1991,1107055,7.3,23788602,4.25
NJ,31,34,1991,7784269,6.7,196000492,4.25
NM,32,35,1991,1547115,7.1,24675575,3.35
NY,33,36,1991,18029532,7.2,432623921,4.25
NC,34,37,1991,6748135,5.8,120936223,3.35
ND,35,38,1991,634199,4.4,10410081,4.25
OH,36,39,1991,10933683,6.5,207192639,4.25
OK,37,40,1991,3166471,6.3,52474225,4.25
OR,38,41,1991,2918745,6.4,54360166,4.25
PA,39,42,1991,11943160,7.0,242826180,4.25
RI,40,44,1991,1003990,8.6,20434051,4.45
SC,41,45,1991,3559470,6.1,58482729,4.25
SD,42,46,1991,701445,3.5,11992985,4.25
TN,43,47,1991,4946886,6.8,86089981,4.25
TX,44,48,1991,17339904,6.9,309983300,3.35
UT,45,49,1991,1771941,4.7,27623517,4.25
VT,46,50,1991,567141,6.6,10386332,4.25
VA,47,51,1991,6283853,5.9,135044850,3.65
WA,48,53,1991,5013443,6.3,105798375,4.25
WV,49,54,1991,1798212,10.6,27204930,4.25
WI,50,55,1991,4952675,5.5,93632279,3.8
WY,51,56,1991,457739,5.2,8564768,1.6
AL,1,1,1992,4139269,7.6,72847428,4.25
AK,2,2,1992,587073,8.9,14093288,4.75
AZ,3,4,1992,3867333,7.5,70987974,4.25
AR,4,5,1992,2394098,7.1,39744696,4.25
CA,5,6,1992,30875920,9.300000000000001,701387002,4.25
CO,6,8,1992,3459995,6.0,74732485,3
CT,7,9,1992,3274997,7.6,94263265,4.27
DE,8,10,1992,690158,5.4,15927657,4.25
DC,9,11,1992,584183,8.6,17188128,4.25
FL,10,12,1992,13504775,8.199999999999999,286472913,4.25
GA,11,13,1992,6759474,6.9,131312440,3.25
HI,12,15,1992,1149926,4.3,28424752,4.75
ID,13,16,1992,1066490,6.4,18678773,4.25
IL,14,17,1992,11635197,7.9,266535770,4.25
IN,15,18,1992,5648649,6.6,109582337,3.35
IA,16,19,1992,2806923,4.5,53914617,4.65
KS,17,20,1992,2526042,4.5,51020010,2.65
KY,18,21,1992,3756358,6.9,65371767,4.25
LA,19,22,1992,4270849,8.0,72590741,4.25
ME,20,23,1992,1235748,7.3,23022871,4.25
MD,21,24,1992,4902545,6.8,120564540,4.25
MA,22,25,1992,5993474,8.5,148539497,4.25
MI,23,26,1992,9470323,9.0,191165165,3.35
MN,24,27,1992,4471503,5.1,96321351,4.25
MS,25,28,1992,2610193,8.1,38903231,4.25
MO,26,29,1992,5193686,6.2,102405335,4.25
MT,27,30,1992,822436,6.7,14106136,4.25
NE,28,31,1992,1602406,2.9,32255233,4.25
NV,29,32,1992,1330694,6.7,30503405,4.25
NH,30,33,1992,1112766,7.3,24948920,4.25
NJ,31,34,1992,7827770,8.4,210737946,5.05
NM,32,35,1992,1580750,7.2,26528180,3.35
NY,33,36,1992,18082032,8.6,457406830,4.25
NC,34,37,1992,6831850,6.0,131824817,3.8
ND,35,38,1992,635427,4.7,11411372,4.25
OH,36,39,1992,11007609,7.4,220961744,4.25
OK,37,40,1992,3204174,6.0,55898923,4.25
OR,38,41,1992,2973934,7.4,58159238,4.75
PA,39,42,1992,11980819,7.6,256368975,4.25
RI,40,44,1992,1000571,8.9,21390795,4.45
SC,41,45,1992,3600576,6.7,62318342,4.25
SD,42,46,1992,708698,3.3,12991533,4.25
TN,43,47,1992,5013999,6.5,94249674,4.25
TX,44,48,1992,17650479,7.6,335301604,3.35
UT,45,49,1992,1821498,4.8,29924984,4.25
VT,46,50,1992,570115,6.1,11117833,4.25
VA,47,51,1992,6383315,6.3,143870747,4.25
WA,48,53,1992,5139011,7.3,114253674,4.25
WV,49,54,1992,1805462,11.3,29317122,4.25
WI,50,55,1992,5004636,5.1,101190913,4.25
WY,51,56,1992,463491,5.6,9072027,1.6
AL,1,1,1993,4193114,7.3,76199461,4.25
AK,2,2,1993,596993,7.7,14837766,4.75
AZ,3,4,1993,3993390,6.4,76430689,4.25
AR,4,5,1993,2423743,6.1,41722523,4.25
CA,5,6,1993,31147208,9.5,718212128,4.25
CO,6,8,1993,3560884,5.3,80953444,3
CT,7,9,1993,3272325,6.6,97514376,4.27
DE,8,10,1993,699475,5.1,16547403,4.25
DC,9,11,1993,576358,8.5,17910334,4.25
FL,10,12,1993,13713593,7.1,304269718,4.25
GA,11,13,1993,6894092,6.0,139467777,3.25
HI,12,15,1993,1161508,4.5,29472164,5.25
ID,13,16,1993,1101204,6.0,20486623,4.25
IL,14,17,1993,11725984,7.4,275770452,4.25
IN,15,18,1993,5701965,5.4,115567139,3.35
IA,16,19,1993,2820525,4.0,54137967,4.65
KS,17,20,1993,2547605,5.0,53382924,2.65
KY,18,21,1993,3792288,6.2,67907191,4.25
LA,19,22,1993,4284749,7.6,76204711,4.25
ME,20,23,1993,1238256,7.3,23767774,4.25
MD,21,24,1993,4942504,6.2,125464844,4.25
MA,22,25,1993,6010884,7.0,154466285,4.25
MI,23,26,1993,9529240,7.2,201354672,3.35
MN,24,27,1993,4521709,5.0,99215504,4.25
MS,25,28,1993,2635574,6.6,41442376,4.25
MO,26,29,1993,5237757,6.2,107142686,4.25
MT,27,30,1993,839876,6.0,15256962,4.25
NE,28,31,1993,1612149,2.8,33310646,4.25
NV,29,32,1993,1380197,6.8,32961951,4.25
NH,30,33,1993,1122191,6.1,25787395,4.25
NJ,31,34,1993,7874891,7.6,217231771,5.05
NM,32,35,1993,1614937,7.0,28522697,4.25
NY,33,36,1993,18140894,7.9,469767241,4.25
NC,34,37,1993,6947412,5.0,140620670,4.25
ND,35,38,1993,637229,4.3,11562828,4.25
OH,36,39,1993,11070385,6.6,230239933,4.25
OK,37,40,1993,3228829,5.9,58123375,4.25
OR,38,41,1993,3034490,7.0,62320110,4.75
PA,39,42,1993,12022128,7.0,266038429,4.25
RI,40,44,1993,997852,7.7,22307228,4.45
SC,41,45,1993,3634507,7.3,65498742,4.25
SD,42,46,1993,716258,3.4,13585823,4.25
TN,43,47,1993,5085666,5.8,100336091,4.25
TX,44,48,1993,17996764,7.2,354794103,3.35
UT,45,49,1993,1875993,4.1,32312390,4.25
VT,46,50,1993,574004,5.2,11538472,4.25
VA,47,51,1993,6464795,5.2,151326509,4.25
WA,48,53,1993,5247704,7.3,120065517,4.25
WV,49,54,1993,1816179,10.6,30399534,4.25
WI,50,55,1993,5055318,4.8,106442538,4.25
WY,51,56,1993,469033,5.3,9580114,1.6
AL,1,1,1994,4232965,6.2,80680540,4.25
AK,2,2,1994,600624,7.6,15326225,4.75
AZ,3,4,1994,4147561,6.1,83859970,4.25
AR,4,5,1994,2450605,5.4,44297617,4.25
CA,5,6,1994,31317179,8.6,740997699,4.25
CO,6,8,1994,3653910,4.2,87221703,3
CT,7,9,1994,3268346,5.6,100067779,4.27
DE,8,10,1994,708416,4.8,17201929,4.25
DC,9,11,1994,564982,8.0,18319858,5.25
FL,10,12,1994,13961798,6.4,320445032,4.25
GA,11,13,1994,7045900,5.2,150306669,3.25
HI,12,15,1994,1173903,5.5,30121287,5.25
ID,13,16,1994,1135459,5.4,21919319,4.25
IL,14,17,1994,11804986,5.8,290484504,4.25
IN,15,18,1994,5745626,4.9,122830283,3.35
IA,16,19,1994,2829422,3.5,59005529,4.65
KS,17,20,1994,2569118,4.9,55822198,2.65
KY,18,21,1994,3823215,5.4,71377080,4.25
LA,19,22,1994,4306500,7.8,81218487,4.25
ME,20,23,1994,1237687,7.0,24763124,4.25
MD,21,24,1994,4985411,5.3,131220905,4.25
MA,22,25,1994,6031352,6.0,162148912,4.25
MI,23,26,1994,9584481,6.0,216514159,3.35
MN,24,27,1994,4566028,4.1,106426113,4.25
MS,25,28,1994,2663450,6.3,44847540,4.25
MO,26,29,1994,5281206,5.1,113502853,4.25
MT,27,30,1994,854923,5.2,15671892,4.25
NE,28,31,1994,1621551,2.6,35399363,4.25
NV,29,32,1994,1456388,6.2,36518231,4.25
NH,30,33,1994,1133054,4.7,27573320,4.25
NJ,31,34,1994,7918796,6.8,224967367,5.05
NM,32,35,1994,1653329,6.5,30470675,4.25
NY,33,36,1994,18156652,6.9,484813019,4.25
NC,34,37,1994,7060959,4.4,149734601,4.25
ND,35,38,1994,639762,3.7,12545156,4.25
OH,36,39,1994,11111451,5.6,242927557,4.25
OK,37,40,1994,3246119,5.6,60728231,4.25
OR,38,41,1994,3087142,5.4,66792632,4.75
PA,39,42,1994,12042545,6.3,275115183,4.25
RI,40,44,1994,993412,6.9,22867101,4.45
SC,41,45,1994,3666456,6.2,69488391,4.25
SD,42,46,1994,723038,3.3,14630902,4.25
TN,43,47,1994,5163016,4.8,106695942,4.25
TX,44,48,1994,18338319,6.5,375106640,3.35
UT,45,49,1994,1930436,3.8,35050599,4.25
VT,46,50,1994,578900,4.6,12122967,4.25
VA,47,51,1994,6536771,4.9,159147104,4.25
WA,48,53,1994,5334896,6.6,126288890,4.9
WV,49,54,1994,1818490,8.800000000000001,31692701,4.25
WI,50,55,1994,5095504,4.5,113017540,4.25
WY,51,56,1994,474982,5.0,10022682,1.6
AL,1,1,1995,4262731,6.0,85362072,4.25
AK,2,2,1995,601345,7.3,15739275,4.75
AZ,3,4,1995,4306908,5.3,91282721,4.25
AR,4,5,1995,2480121,4.8,47104707,4.25
CA,5,6,1995,31493525,7.9,779582479,4.25
CO,6,8,1995,3738061,4.0,94817972,3
CT,7,9,1995,3265293,5.5,105446951,4.27
DE,8,10,1995,718265,4.3,18222617,4.25
DC,9,11,1995,551273,8.800000000000001,18434325,5.25
FL,10,12,1995,14185403,5.5,344347697,4.25
GA,11,13,1995,7188538,4.8,162222883,3.25
HI,12,15,1995,1180490,5.9,30776621,5.25
ID,13,16,1995,1165000,5.4,23555311,4.25
IL,14,17,1995,11884935,5.2,308423705,4.25
IN,15,18,1995,5791819,4.6,128383921,3.35
IA,16,19,1995,2840860,3.4,61476185,4.65
KS,17,20,1995,2586942,4.4,58154336,2.65
KY,18,21,1995,3855248,5.4,74798939,4.25
LA,19,22,1995,4327978,7.0,85205189,4.25
ME,20,23,1995,1237438,6.0,25878824,4.25
MD,21,24,1995,5023650,5.0,136887889,4.25
MA,22,25,1995,6062335,5.3,171547003,4.25
MI,23,26,1995,9659871,5.3,228975422,3.35
MN,24,27,1995,4605445,3.7,112631122,4.25
MS,25,28,1995,2690788,6.2,47381736,4.25
MO,26,29,1995,5324610,4.7,119307169,4.25
MT,27,30,1995,868522,5.7,16533795,4.25
NE,28,31,1995,1635142,2.6,37420622,4.25
NV,29,32,1995,1525777,5.6,40086322,4.25
NH,30,33,1995,1145604,4.0,29299859,4.25
NJ,31,34,1995,7965523,6.4,239340164,5.05
NM,32,35,1995,1682417,6.6,32748131,4.25
NY,33,36,1995,18150928,6.3,511629875,4.25
NC,34,37,1995,7185403,4.3,160530377,4.25
ND,35,38,1995,641548,3.2,12578798,4.25
OH,36,39,1995,11155493,4.8,254378135,4.25
OK,37,40,1995,3265547,4.6,63398165,4.25
OR,38,41,1995,3141421,4.9,71913581,4.75
PA,39,42,1995,12044780,5.9,287783679,4.25
RI,40,44,1995,989203,6.3,24111072,4.45
SC,41,45,1995,3699943,5.2,73582134,4.25
SD,42,46,1995,728251,3.0,14934328,4.25
TN,43,47,1995,5241168,5.2,114573451,4.25
TX,44,48,1995,18679706,6.1,401483332,3.35
UT,45,49,1995,1976774,3.5,38230275,4.25
VT,46,50,1995,582827,4.3,12782449,4.5
VA,47,51,1995,6601392,4.5,166955610,4.25
WA,48,53,1995,5431024,6.4,133508969,4.9
WV,49,54,1995,1820560,7.9,32740269,4.25
WI,50,55,1995,5137004,3.8,118778601,4.25
WY,51,56,1995,478447,4.8,10491936,1.6
AL,1,1,1996,4290403,5.2,89350000,4.25
AK,2,2,1996,604918,7.6,16403000,4.75
AZ,3,4,1996,4432308,5.6,99707600,4.25
AR,4,5,1996,2504858,5.3,50047900,4.25
CA,5,6,1996,31780829,7.3,829666600,4.25
CO,6,8,1996,3812716,4.2,103235800,3
CT,7,9,1996,3267030,5.5,110746300,4.27
DE,8,10,1996,727090,5.1,19433900,4.65
DC,9,11,1996,538273,8.4,19387300,5.25
FL,10,12,1996,14426911,5.2,363906800,4.25
GA,11,13,1996,7332225,4.7,176085700,3.25
HI,12,15,1996,1184434,6.3,30894900,5.25
ID,13,16,1996,1187706,5.3,25334900,4.25
IL,14,17,1996,11953003,5.3,327552900,4.25
IN,15,18,1996,5834908,4.1,136363500,3.35
IA,16,19,1996,2848473,3.5,66840899.99999999,4.65
KS,17,20,1996,2598266,4.3,61934200,2.65
KY,18,21,1996,3881051,5.5,79620500,4.25
LA,19,22,1996,4338763,6.6,89776900,4.25
ME,20,23,1996,1241436,5.2,27653100,4.25
MD,21,24,1996,5057142,5.0,143742300,4.25
MA,22,25,1996,6085393,4.4,182580400,4.75
MI,23,26,1996,9739184,4.9,242218500,3.35
MN,24,27,1996,4647723,4.0,122210800,4.25
MS,25,28,1996,2709925,6.0,50525500,4.25
MO,26,29,1996,5367888,4.8,126668300,4.25
MT,27,30,1996,876656,5.3,17203300,4.25
NE,28,31,1996,1647657,2.7,40790100,4.25
NV,29,32,1996,1596476,5.0,44435100,4.25
NH,30,33,1996,1160768,3.8,30941500,4.25
NJ,31,34,1996,8009624,6.1,253062300,5.05
NM,32,35,1996,1706151,7.2,34741300,4.25
NY,33,36,1996,18143805,6.2,537881600,4.25
NC,34,37,1996,7307658,4.3,172816700,4.25
ND,35,38,1996,642858,2.9,14065700,4.25
OH,36,39,1996,11187032,5.0,267147200,4.25
OK,37,40,1996,3289634,4.1,67223000,4.25
OR,38,41,1996,3195087,5.7,77845000,4.75
PA,39,42,1996,12038008,5.4,302375600,4.25
RI,40,44,1996,987858,5.4,25172100,4.45
SC,41,45,1996,3738974,5.8,78791900,4.25
SD,42,46,1996,730699,3.2,16445000,4.25
TN,43,47,1996,5313576,5.2,120799000,4.25
TX,44,48,1996,19006240,5.7,433164900,3.35
UT,45,49,1996,2022253,3.4,41738900,4.25
VT,46,50,1996,586352,4.3,13585600,4.75
VA,47,51,1996,6665491,4.4,175342400,4.25
WA,48,53,1996,5509963,6.1,144246200,4.9
WV,49,54,1996,1818983,7.5,34208800,4.25
WI,50,55,1996,5173828,3.6,126196700,4.25
WY,51,56,1996,480085,4.9,11077700,1.6
AL,1,1,1997,4320281,5.0,93981400,4.75
AK,2,2,1997,608846,7.1,17276600,5.25
AZ,3,4,1997,4552207,4.6,108023100,4.75
AR,4,5,1997,2524007,5.2,52508000,4.25
CA,5,6,1997,32217708,6.4,882677300,4.75
CO,6,8,1997,3891293,3.5,111207800,4.75
CT,7,9,1997,3268514,5.0,117991800,4.77
DE,8,10,1997,735024,4.0,20342300,5
DC,9,11,1997,528752,8.0,20290500,5.75
FL,10,12,1997,14683350,4.8,385402000,4.75
GA,11,13,1997,7486094,4.6,187547900,3.25
HI,12,15,1997,1189322,6.2,31907500,5.25
ID,13,16,1997,1210638,5.1,26420100,4.25
IL,14,17,1997,12011509,4.8,346339100,4.75
IN,15,18,1997,5872370,3.5,143496300,3.35
IA,16,19,1997,2854396,3.1,69956100,4.75
KS,17,20,1997,2616339,3.8,65771100.00000001,2.65
KY,18,21,1997,3907816,5.3,84542100,4.25
LA,19,22,1997,4351390,6.0,94400600,4.75
ME,20,23,1997,1245215,5.1,29169500,4.75
MD,21,24,1997,5092914,5.0,151791500,4.75
MA,22,25,1997,6115476,3.9,194130700,5.25
MI,23,26,1997,9785450,4.3,254938900,3.35
MN,24,27,1997,4687726,3.3,129027600,4.25
MS,25,28,1997,2731826,5.7,53377500,4.75
MO,26,29,1997,5407113,4.3,134328100,4.75
MT,27,30,1997,878706,5.3,17939100,4.75
NE,28,31,1997,1656042,2.5,42017500,4.25
NV,29,32,1997,1675581,4.4,48572700,4.75
NH,30,33,1997,1173239,3.3,33274000,4.75
NJ,31,34,1997,8054178,5.3,269605900,5.05
NM,32,35,1997,1722939,6.3,36520000,4.25
NY,33,36,1997,18143184,6.4,567955800,4.25
NC,34,37,1997,7428672,3.7,185687900,4.25
ND,35,38,1997,640945,2.7,13771100,4.75
OH,36,39,1997,11212498,4.6,282809000,4.25
OK,37,40,1997,3314259,4.1,71074700,4.75
OR,38,41,1997,3243254,5.7,82657400,5.5
PA,39,42,1997,12015888,5.1,317520100,4.75
RI,40,44,1997,986966,5.1,26633800,5.15
SC,41,45,1997,3790066,4.6,83865300,4.75
SD,42,46,1997,730855,2.9,16805800,4.25
TN,43,47,1997,5378433,5.3,127953000,4.75
TX,44,48,1997,19355427,5.3,472178400,3.35
UT,45,49,1997,2065397,3.2,45125200,4.75
VT,46,50,1997,588665,3.9,14333100,5
VA,47,51,1997,6732878,3.8,186845500,4.75
WA,48,53,1997,5604105,4.9,155513900,4.9
WV,49,54,1997,1815588,6.9,35630200,4.25
WI,50,55,1997,5200235,3.6,133915200,4.75
WY,51,56,1997,480031,4.8,11885000,1.6
AL,1,1,1998,4351037,4.4,99953300,5.15
AK,2,2,1998,615205,6.3,18114500,5.65
AZ,3,4,1998,4667277,4.3,118057600,5.15
AR,4,5,1998,2538202,5.2,55736100,5.15
CA,5,6,1998,32682794,5.9,959949700,5.75
CO,6,8,1998,3968967,3.6,123101200,5.15
CT,7,9,1998,3272563,3.4,127327700,5.18
DE,8,10,1998,744066,3.7,22502300,5.15
DC,9,11,1998,521426,8.4,21533700,6.15
FL,10,12,1998,14908230,4.3,415875500,5.15
GA,11,13,1998,7636522,4.3,205702400,3.25
HI,12,15,1998,1190472,6.1,32531100,5.25
ID,13,16,1998,1230923,5.1,28573400,5.15
IL,14,17,1998,12069774,4.4,367350200,5.15
IN,15,18,1998,5907617,3.1,154850900,4.25
IA,16,19,1998,2861025,2.7,73327400,5.15
KS,17,20,1998,2638667,3.5,69809100,2.65
KY,18,21,1998,3934310,4.6,89546100,5.15
LA,19,22,1998,4362758,5.7,98944000,5.15
ME,20,23,1998,1247554,4.5,31218400,5.15
MD,21,24,1998,5130072,4.4,163868000,5.15
MA,22,25,1998,6144407,3.3,206428200,5.25
MI,23,26,1998,9820231,3.9,270151500,5.15
MN,24,27,1998,4726411,2.7,140486800,5.15
MS,25,28,1998,2751335,5.3,56601900,5.15
MO,26,29,1998,5437562,4.2,141158200,5.15
MT,27,30,1998,879533,5.5,19182200,5.15
NE,28,31,1998,1660772,2.6,44860800,5.15
NV,29,32,1998,1743772,4.2,54281300,5.15
NH,30,33,1998,1185823,2.8,36531600,5.15
NJ,31,34,1998,8095542,4.6,287244000,5.05
NM,32,35,1998,1733535,6.1,38361200,4.25
NY,33,36,1998,18159175,5.6,600601100,4.25
NC,34,37,1998,7545828,3.5,198775200,5.15
ND,35,38,1998,637808,2.9,15105200,5.15
OH,36,39,1998,11237752,4.3,299234100,4.25
OK,37,40,1998,3339478,4.3,74885400,5.15
OR,38,41,1998,3282055,5.7,87373700,6
PA,39,42,1998,12002329,4.6,334639500,5.15
RI,40,44,1998,987704,4.6,28410400,5.15
SC,41,45,1998,3839578,3.8,89936100,5.15
SD,42,46,1998,730789,2.8,18150100,5.15
TN,43,47,1998,5432679,4.3,140037000,5.15
TX,44,48,1998,19712389,4.9,514064000,3.35
UT,45,49,1998,2100562,3.6,48266400,5.15
VT,46,50,1998,590579,3.4,15410700,5.25
VA,47,51,1998,6789225,2.9,200071800,5.15
WA,48,53,1998,5687832,4.8,170382400,4.9
WV,49,54,1998,1811688,6.6,37135400,5.15
WI,50,55,1998,5222124,3.4,143322200,5.15
WY,51,56,1998,480045,4.7,12633100,1.6
AL,1,1,1999,4369862,4.7,103453100,5.15
AK,2,2,1999,619500,6.5,18675700,5.65
AZ,3,4,1999,4778332,4.4,124654400,5.15
AR,4,5,1999,2551373,4.6,57973400,5.15
CA,5,6,1999,33145121,5.2,1026419300,5.75
CO,6,8,1999,4056133,3.1,133020500,5.15
CT,7,9,1999,3282031,2.9,134415300,5.65
DE,8,10,1999,753538,3.4,24170200,5.65
DC,9,11,1999,519000,6.4,22559300,6.15
FL,10,12,1999,15111244,3.9,436186100,5.15
GA,11,13,1999,7788240,3.9,219456600,3.25
HI,12,15,1999,1185497,5.4,33657500,5.25
ID,13,16,1999,1251700,4.9,30346200,5.65
IL,14,17,1999,12128370,4.4,383422700,5.15
IN,15,18,1999,5942901,3.0,161356500,5.15
IA,16,19,1999,2869413,2.6,75330900,5.15
KS,17,20,1999,2654052,3.3,72144400,2.65
KY,18,21,1999,3960825,4.5,93441300,5.15
LA,19,22,1999,4372035,5.1,101397100,5.15
ME,20,23,1999,1253040,4.0,32800700,5.15
MD,21,24,1999,5171634,3.6,174048000,5.15
MA,22,25,1999,6175169,3.2,220405000,5.25
MI,23,26,1999,9863775,3.7,283993800,5.15
MN,24,27,1999,4775508,2.8,147753400,5.15
MS,25,28,1999,2768619,5.1,58501600,5.15
MO,26,29,1999,5468338,3.3,146923400,5.15
MT,27,30,1999,882779,5.3,19592200,5.15
NE,28,31,1999,1666028,2.8,46968800,5.15
NV,29,32,1999,1809253,4.0,58607300,5.15
NH,30,33,1999,1201134,2.7,38959600,5.15
NJ,31,34,1999,8143412,4.5,300854600,5.15
NM,32,35,1999,1739844,5.6,39275900,4.25
NY,33,36,1999,18196601,5.2,635835200,4.25
NC,34,37,1999,7650789,3.2,208769700,5.15
ND,35,38,1999,633666,3.3,15328800,5.15
OH,36,39,1999,11256654,4.3,309198700,4.25
OK,37,40,1999,3358044,3.5,76914500,5.15
OR,38,41,1999,3316154,5.5,90929600,6.5
PA,39,42,1999,11994016,4.4,348920100,5.15
RI,40,44,1999,990819,4.2,29751400,5.65
SC,41,45,1999,3885736,4.3,94554200,5.15
SD,42,46,1999,733133,2.7,19005900,5.15
TN,43,47,1999,5483535,4.0,145564600,5.15
TX,44,48,1999,20044141,4.7,541440200,3.35
UT,45,49,1999,2129836,3.5,50851400,5.15
VT,46,50,1999,593740,3.0,16394200,5.75
VA,47,51,1999,6872912,2.7,214308700,5.15
WA,48,53,1999,5756361,4.9,181940500,5.7
WV,49,54,1999,1806928,6.5,38151700,5.15
WI,50,55,1999,5250446,3.1,149420700,5.15
WY,51,56,1999,479602,4.6,13517800,1.6
AL,1,1,2000,4452173,4.6,108355100,5.15
AK,2,2,2000,627963,6.4,20078700,5.65
AZ,3,4,2000,5160586,4.0,135387500,5.15
AR,4,5,2000,2678588,4.3,60969900,5.15
CA,5,6,2000,33987977,4.9,1133965400,6.25
CO,6,8,2000,4326921,2.8,147924900,5.15
CT,7,9,2000,3411777,2.4,147054800,6.15
DE,8,10,2000,786373,3.7,26663800,6.15
DC,9,11,2000,572046,5.6,24794500,6.15
FL,10,12,2000,16047515,3.7,472238600,5.15
GA,11,13,2000,8227303,3.6,237444900,3.25
HI,12,15,2000,1213519,4.2,35682000,5.25
ID,13,16,2000,1299430,4.7,32791100,6.15
IL,14,17,2000,12434161,4.3,412423100,5.15
IN,15,18,2000,6091866,3.1,171989700,5.15
IA,16,19,2000,2929067,2.6,80442400,5.15
KS,17,20,2000,2693681,3.6,76079400,2.65
KY,18,21,2000,4049021,4.2,100796500,5.15
LA,19,22,2000,4471885,5.3,107072500,5.15
ME,20,23,2000,1277072,3.4,35226300,5.15
MD,21,24,2000,5311034,3.6,189505400,5.15
MA,22,25,2000,6361104,2.7,245253200,6
MI,23,26,2000,9952450,3.6,302644200,5.15
MN,24,27,2000,4933692,3.2,160084300,5.15
MS,25,28,2000,2848353,5.4,61638200,5.15
MO,26,29,2000,5607285,3.6,157009200,5.15
MT,27,30,2000,903773,5.0,20871900,5.15
NE,28,31,2000,1713820,2.8,49735600,5.15
NV,29,32,2000,2018741,4.2,64339600,5.15
NH,30,33,2000,1239882,2.7,43867200,5.15
NJ,31,34,2000,8430621,3.7,330957200,5.15
NM,32,35,2000,1821204,4.9,42319500,4.25
NY,33,36,2000,19001780,4.5,684590100,5.15
NC,34,37,2000,8081614,3.7,222564900,5.15
ND,35,38,2000,642023,3.0,16663900,5.15
OH,36,39,2000,11363543,4.0,325803000,4.25
OK,37,40,2000,3454365,3.0,83238000,5.15
OR,38,41,2000,3429708,5.1,97954600,6.5
PA,39,42,2000,12284173,4.1,373357100,5.15
RI,40,44,2000,1050268,4.1,32048900,5.65
SC,41,45,2000,4024223,3.8,101217400,5.15
SD,42,46,2000,755844,2.5,20280900,5.15
TN,43,47,2000,5703719,3.9,154419500,5.15
TX,44,48,2000,20944499,4.3,589275400,3.35
UT,45,49,2000,2244502,3.3,54465500,5.15
VT,46,50,2000,609618,2.8,17745600,5.75
VA,47,51,2000,7105817,2.3,232313700,5.15
WA,48,53,2000,5910512,5.2,194509900,6.5
WV,49,54,2000,1807021,5.5,40353000,5.15
WI,50,55,2000,5373999,3.5,159326000,5.15
WY,51,56,2000,494300,3.9,14591300,1.6
AL,1,1,2001,4467634,5.1,112154900,5.15
AK,2,2,2001,633714,6.4,21240400,5.65
AZ,3,4,2001,5273477,4.8,141344500,5.15
AR,4,5,2001,2691571,5.0,64168100,5.15
CA,5,6,2001,34479458,5.4,1173768800,6.25
CO,6,8,2001,4425687,3.8,154999800,5.15
CT,7,9,2001,3432835,3.1,155243100,6.4
DE,8,10,2001,795699,3.5,29402400,6.15
DC,9,11,2001,574504,6.3,25677500,6.15
FL,10,12,2001,16356966,4.7,496337200,5.15
GA,11,13,2001,8377038,4.0,249221100,5.15
HI,12,15,2001,1225948,4.5,37204000,5.25
ID,13,16,2001,1319962,5.1,34062200,6.15
IL,14,17,2001,12488445,5.3,427473300,5.15
IN,15,18,2001,6127760,4.2,175850800,5.15
IA,16,19,2001,2931997,3.3,82725100,5.15
KS,17,20,2001,2702162,4.2,78574400,2.65
KY,18,21,2001,4068132,5.2,104181500,5.15
LA,19,22,2001,4477875,5.7,114459000,5.15
ME,20,23,2001,1285692,3.8,37137500,5.15
MD,21,24,2001,5374691,4.0,199706800,5.15
MA,22,25,2001,6397634,3.7,255085100,6.75
MI,23,26,2001,9991120,5.2,307686900,5.15
MN,24,27,2001,4982796,3.8,166694600,5.15
MS,25,28,2001,2852994,5.5,64992900,5.15
MO,26,29,2001,5641142,4.6,161989200,5.15
MT,27,30,2001,906961,4.5,21753400,5.15
NE,28,31,2001,1719836,3.1,51961900,5.15
NV,29,32,2001,2098399,5.2,67862400,5.15
NH,30,33,2001,1255517,3.4,46193600,5.15
NJ,31,34,2001,8492671,4.3,342304100,5.15
NM,32,35,2001,1831690,4.9,45312300,4.25
NY,33,36,2001,19082838,4.8,709767300,5.15
NC,34,37,2001,8210122,5.5,228880000,5.15
ND,35,38,2001,639062,2.9,16963500,5.15
OH,36,39,2001,11387404,4.3,334533600,4.25
OK,37,40,2001,3467100,3.7,88286900,5.15
OR,38,41,2001,3467937,6.4,100698400,6.5
PA,39,42,2001,12298970,4.8,388047100,5.15
RI,40,44,2001,1057142,4.6,33733600,6.15
SC,41,45,2001,4064995,5.2,104660800,5.15
SD,42,46,2001,757972,3.1,20948100,5.15
TN,43,47,2001,5750789,4.6,158356800,5.15
TX,44,48,2001,21319622,5.0,625492900,5.15
UT,45,49,2001,2283715,4.4,56933200,5.15
VT,46,50,2001,612223,3.3,18821900,6.25
VA,47,51,2001,7198362,3.2,244410700,5.15
WA,48,53,2001,5985722,6.3,199204100,6.72
WV,49,54,2001,1801481,5.0,42783800,5.15
WI,50,55,2001,5406835,4.5,167133300,5.15
WY,51,56,2001,494657,3.8,15414200,5.15
AL,1,1,2002,4480089,5.9,115191800,5.15
AK,2,2,2002,642337,7.3,22246500,7.15
AZ,3,4,2002,5396255,6.1,146505200,5.15
AR,4,5,2002,2705927,5.5,65661600.00000001,5.15
CA,5,6,2002,34871843,6.7,1193118000,6.75
CO,6,8,2002,4490406,5.5,155404100,5.15
CT,7,9,2002,3458749,4.3,155347900,6.7
DE,8,10,2002,806169,4.0,30386800,6.15
DC,9,11,2002,573158,6.4,25869800,6.15
FL,10,12,2002,16689370,5.6,512812500,5.15
GA,11,13,2002,8508256,5.0,256188800,5.15
HI,12,15,2002,1239613,4.2,38954800,5.75
ID,13,16,2002,1340372,5.6,35180400,5.15
IL,14,17,2002,12525556,6.5,432412000,5.15
IN,15,18,2002,6155967,5.2,178418200,5.15
IA,16,19,2002,2934234,4.0,84646800,5.15
KS,17,20,2002,2713535,5.1,79239800,2.65
KY,18,21,2002,4089875,5.7,106570500,5.15
LA,19,22,2002,4497267,6.1,117698500,5.15
ME,20,23,2002,1295960,4.3,38414100,5.75
MD,21,24,2002,5440389,4.4,207659100,5.15
MA,22,25,2002,6417206,5.3,254408800,6.75
MI,23,26,2002,10015710,6.3,307192500,5.15
MN,24,27,2002,5018935,4.5,170300800,5.15
MS,25,28,2002,2858681,6.6,66139100.00000001,5.15
MO,26,29,2002,5674825,5.4,165665500,5.15
MT,27,30,2002,911667,4.4,22359900,5.15
NE,28,31,2002,1728292,3.6,52767700,5.15
NV,29,32,2002,2173791,5.6,69626700,5.15
NH,30,33,2002,1269089,4.5,47054400,5.15
NJ,31,34,2002,8552643,5.8,347456800,5.15
NM,32,35,2002,1855309,5.5,47090000,4.25
NY,33,36,2002,19137800,6.1,708251700,5.15
NC,34,37,2002,8326201,6.6,232267300,5.15
ND,35,38,2002,638168,3.7,17347800,5.15
OH,36,39,2002,11407889,5.7,339645300,4.25
OK,37,40,2002,3489080,4.7,90204400,5.15
OR,38,41,2002,3513424,7.5,101954300,6.5
PA,39,42,2002,12331031,5.6,395409400,5.15
RI,40,44,2002,1065995,5.0,35133400,6.15
SC,41,45,2002,4107795,5.8,107536400,5.15
SD,42,46,2002,760020,3.2,20939800,5.15
TN,43,47,2002,5795918,5.2,162839300,5.15
TX,44,48,2002,21690325,6.4,633035700,5.15
UT,45,49,2002,2324815,5.8,58604800,5.15
VT,46,50,2002,615442,4.0,19226800,6.25
VA,47,51,2002,7286873,4.2,251068300,5.15
WA,48,53,2002,6052349,7.4,202618000,6.9
WV,49,54,2002,1805414,5.9,44239100,5.15
WI,50,55,2002,5445162,5.4,171578100,5.15
WY,51,56,2002,500017,4.0,15773700,5.15
AL,1,1,2003,4503491,6.0,120211100,5.15
AK,2,2,2003,648414,7.8,23239600,7.15
AZ,3,4,2003,5510364,5.7,155175000,5.15
AR,4,5,2003,2724816,5.9,69547400,5.15
CA,5,6,2003,35253159,6.8,1248506500,6.75
CO,6,8,2003,4528732,6.0,158210900,5.15
CT,7,9,2003,3484336,5.4,157679400,6.9
DE,8,10,2003,818003,4.3,31094600,6.15
DC,9,11,2003,568502,6.8,26177800,6.15
FL,10,12,2003,17004085,5.2,539102800,5.15
GA,11,13,2003,8622793,4.8,265611900,5.15
HI,12,15,2003,1251154,4.1,40791000,6.25
ID,13,16,2003,1363380,5.6,36402600,5.15
IL,14,17,2003,12556006,6.8,439954700,5.15
IN,15,18,2003,6196638,5.3,182652300,5.15
IA,16,19,2003,2941999,4.5,86452000,5.15
KS,17,20,2003,2723004,5.5,81485800,2.65
KY,18,21,2003,4117170,6.1,109617300,5.15
LA,19,22,2003,4521042,6.4,121132000,5.15
ME,20,23,2003,1306513,5.0,40289300,6.25
MD,21,24,2003,5496269,4.4,217235000,5.15
MA,22,25,2003,6422565,5.7,259978800,6.75
MI,23,26,2003,10041152,7.2,314558600,5.15
MN,24,27,2003,5053572,4.9,178203400,5.15
MS,25,28,2003,2868312,6.3,68806600,5.15
MO,26,29,2003,5709403,5.6,171751100,5.15
MT,27,30,2003,919630,4.7,23980900,5.15
NE,28,31,2003,1738643,3.9,56024400,5.15
NV,29,32,2003,2248850,5.1,74202200,5.15
NH,30,33,2003,1279840,4.3,48040700,5.15
NJ,31,34,2003,8601402,5.8,356314900,5.15
NM,32,35,2003,1877574,5.9,49197200,5.15
NY,33,36,2003,19175939,6.4,718318700,5.15
NC,34,37,2003,8422501,6.4,241625800,5.15
ND,35,38,2003,638817,3.7,18863800,5.15
OH,36,39,2003,11434788,6.2,349608900,4.25
OK,37,40,2003,3504892,5.5,94319800,5.15
OR,38,41,2003,3547376,8.1,105567700,6.9
PA,39,42,2003,12374658,5.7,408889700,5.15
RI,40,44,2003,1071342,5.3,36974000,6.15
SC,41,45,2003,4150297,6.9,111169900,5.15
SD,42,46,2003,763729,3.5,22890600,5.15
TN,43,47,2003,5847812,5.6,169454800,5.15
TX,44,48,2003,22030931,6.7,655908000,5.15
UT,45,49,2003,2360137,5.6,60748700,5.15
VT,46,50,2003,617858,4.3,19983700,6.25
VA,47,51,2003,7366977,4.1,266236500,5.15
WA,48,53,2003,6104115,7.4,210856500,7.01
WV,49,54,2003,1812295,6.0,44869800,5.15
WI,50,55,2003,5479203,5.7,176274500,5.15
WY,51,56,2003,503453,4.3,16712000,5.15
AL,1,1,2004,4530729,5.7,128739900,5.15
AK,2,2,2004,659286,7.5,24338300,7.15
AZ,3,4,2004,5652404,5.0,169638700,5.15
AR,4,5,2004,2749686,5.7,74033000,5.15
CA,5,6,2004,35574576,6.2,1329404000,6.75
CO,6,8,2004,4575013,5.5,164106000,5.15
CT,7,9,2004,3496094,5.0,166262000,7.1
DE,8,10,2004,830803,4.0,32376700,6.15
DC,9,11,2004,567754,7.8,28501700,6.15
FL,10,12,2004,17415318,4.6,586785000,5.15
GA,11,13,2004,8769252,4.8,280262000,5.15
HI,12,15,2004,1273569,3.4,43977400,6.25
ID,13,16,2004,1391802,4.9,39244700,5.15
IL,14,17,2004,12589773,6.2,457435400,5.5
IN,15,18,2004,6233007,5.4,191298300,5.15
IA,16,19,2004,2953635,4.5,93511300,5.15
KS,17,20,2004,2734373,5.5,83847100,2.65
KY,18,21,2004,4146101,5.4,116046700,5.15
LA,19,22,2004,4552238,5.9,126295600,5.15
ME,20,23,2004,1313688,4.6,42373900,6.35
MD,21,24,2004,5546935,4.3,232208400,5.15
MA,22,25,2004,6412281,5.1,273462500,6.75
MI,23,26,2004,10055315,7.0,323431800,5.15
MN,24,27,2004,5087713,4.7,189289400,5.15
MS,25,28,2004,2889010,6.2,72778600,5.15
MO,26,29,2004,5747741,5.9,180801700,5.15
MT,27,30,2004,930009,4.8,25967900,5.15
NE,28,31,2004,1749370,3.9,58602400,5.15
NV,29,32,2004,2346222,4.3,82501200,5.15
NH,30,33,2004,1290121,3.8,50939800,5.15
NJ,31,34,2004,8634561,4.8,373078600,5.15
NM,32,35,2004,1903808,5.5,52264400,5.15
NY,33,36,2004,19171567,5.8,751244800,5.15
NC,34,37,2004,8553152,5.5,261640200,5.15
ND,35,38,2004,644705,3.4,19234400,5.15
OH,36,39,2004,11452251,6.3,362916300,4.25
OK,37,40,2004,3525233,4.9,101746700,5.15
OR,38,41,2004,3569463,7.3,111503100,7.05
PA,39,42,2004,12410722,5.4,432741600,5.15
RI,40,44,2004,1074579,5.2,38907800,6.75
SC,41,45,2004,4210921,6.8,117509600,5.15
SD,42,46,2004,770396,3.7,24579000,5.15
TN,43,47,2004,5910809,5.3,179482400,5.15
TX,44,48,2004,22394023,5.9,687220200,5.15
UT,45,49,2004,2401580,5.0,64803400,5.15
VT,46,50,2004,619920,3.7,21147300,6.75
VA,47,51,2004,7475575,3.8,285300600,5.15
WA,48,53,2004,6178645,6.3,226359600,7.16
WV,49,54,2004,1816438,5.3,46477000,5.15
WI,50,55,2004,5514026,5.0,184282800,5.15
WY,51,56,2004,509106,3.8,17879700,5.15
AL,1,1,2005,4569805,4.5,136327300,5.15
AK,2,2,2005,666946,6.9,25956900,7.15
AZ,3,4,2005,5839077,4.7,188136500,5.15
AR,4,5,2005,2781097,5.2,78000300,5.15
CA,5,6,2005,35827943,5.4,1407285500,6.75
CO,6,8,2005,4631888,5.0,175273000,5.15
CT,7,9,2005,3506956,4.9,175470600,7.1
DE,8,10,2005,845150,4.1,33303100,6.15
DC,9,11,2005,567136,6.4,30163900,7
FL,10,12,2005,17842038,3.7,642506700,5.15
GA,11,13,2005,8925922,5.3,297505600,5.15
HI,12,15,2005,1292729,2.9,47306300,6.25
ID,13,16,2005,1428241,4.0,41843200,5.15
IL,14,17,2005,12609903,5.7,476560100,6.5
IN,15,18,2005,6278616,5.5,197696800,5.15
IA,16,19,2005,2964454,4.3,96563600,5.15
KS,17,20,2005,2745299,5.0,88707300,2.65
KY,18,21,2005,4182742,5.9,121757800,5.15
LA,19,22,2005,4576628,7.2,135921300,5.15
ME,20,23,2005,1318787,4.9,43448500,6.5
MD,21,24,2005,5592379,4.1,245174200,5.15
MA,22,25,2005,6403290,4.8,285642500,6.75
MI,23,26,2005,10051137,6.8,330450500,5.15
MN,24,27,2005,5119598,4.1,195112700,6.15
MS,25,28,2005,2905943,7.5,77596400,5.15
MO,26,29,2005,5790300,5.4,187528700,5.15
MT,27,30,2005,940102,4.4,28000600,5.15
NE,28,31,2005,1761497,3.8,60790100,5.15
NV,29,32,2005,2432143,4.1,92671100,5.15
NH,30,33,2005,1298492,3.6,52878800,5.15
NJ,31,34,2005,8651974,4.5,387392700,6.15
NM,32,35,2005,1932274,5.1,55838300,5.15
NY,33,36,2005,19132610,5.0,782613000,6
NC,34,37,2005,8705407,5.2,281033800,5.15
ND,35,38,2005,646089,3.4,20381700,5.15
OH,36,39,2005,11463320,5.9,373440500,4.25
OK,37,40,2005,3548597,4.5,111113400,5.15
OR,38,41,2005,3613202,6.2,117413600,7.25
PA,39,42,2005,12449990,5.0,451950400,5.15
RI,40,44,2005,1067916,5.0,39747500,6.75
SC,41,45,2005,4270150,6.7,124566600,5.15
SD,42,46,2005,775493,3.8,26112500,5.15
TN,43,47,2005,5991057,5.6,187942300,5.15
TX,44,48,2005,22778123,5.4,745858700,5.15
UT,45,49,2005,2457719,4.1,70861600,5.15
VT,46,50,2005,621215,3.5,21726800,7
VA,47,51,2005,7577105,3.6,305046900,5.15
WA,48,53,2005,6257305,5.6,235828100,7.35
WV,49,54,2005,1820492,5.1,48861000,5.15
WI,50,55,2005,5546166,4.7,190975800,5.7
WY,51,56,2005,514157,3.6,19661100,5.15
AL,1,1,2006,4628981,4.0,145175800,5.15
AK,2,2,2006,675302,6.6,27726700,7.15
AZ,3,4,2006,6029141,4.2,209127000,5.15
AR,4,5,2006,2821761,5.2,83068200,5.15
CA,5,6,2006,36021202,4.9,1516057500,6.75
CO,6,8,2006,4720423,4.3,189475600,5.15
CT,7,9,2006,3517460,4.3,189750400,7.4
DE,8,10,2006,859268,3.6,35265500,6.15
DC,9,11,2006,570681,5.8,32001100,7
FL,10,12,2006,18166990,3.2,698476000,6.4
GA,11,13,2006,9155813,4.7,317584300,5.15
HI,12,15,2006,1309731,2.6,50701100,6.75
ID,13,16,2006,1468669,3.5,46161300,5.15
IL,14,17,2006,12643955,4.5,508470300,6.5
IN,15,18,2006,6332669,5.0,209427500,5.15
IA,16,19,2006,2982644,3.7,102580100,5.15
KS,17,20,2006,2762931,4.4,97937900,2.65
KY,18,21,2006,4219239,5.7,128867400,5.15
LA,19,22,2006,4302665,4.5,143643300,5.15
ME,20,23,2006,1323619,4.6,45683500,6.75
MD,21,24,2006,5627367,3.9,258473500,5.15
MA,22,25,2006,6410084,4.9,307519300,6.75
MI,23,26,2006,10036081,7.0,338507700,6.95
MN,24,27,2006,5163555,4.0,205273800,6.15
MS,25,28,2006,2904978,6.5,80873300,5.15
MO,26,29,2006,5842704,4.8,198791600,5.15
MT,27,30,2006,952692,3.5,30402300,5.15
NE,28,31,2006,1772693,3.1,63584200,5.15
NV,29,32,2006,2522658,4.0,100383700,6.15
NH,30,33,2006,1308389,3.4,56585700,5.15
NJ,31,34,2006,8661679,4.7,415890900,7.15
NM,32,35,2006,1962137,4.2,59946300,5.15
NY,33,36,2006,19104631,4.5,844018800,6.75
NC,34,37,2006,8917270,4.7,306078000,5.15
ND,35,38,2006,649422,3.2,21361400,5.15
OH,36,39,2006,11481213,5.4,392156600,5.15
OK,37,40,2006,3594090,4.0,123473500,5.15
OR,38,41,2006,3670883,5.3,128145400,7.5
PA,39,42,2006,12510809,4.6,475815300,5.15
RI,40,44,2006,1063096,4.9,41711700,7.1
SC,41,45,2006,4357847,6.4,134622600,5.15
SD,42,46,2006,783033,3.1,27544600,5.15
TN,43,47,2006,6088766,5.2,200305100,5.15
TX,44,48,2006,23359580,4.9,820949900,5.15
UT,45,49,2006,2525507,3.0,79063000,5.15
VT,46,50,2006,622892,3.7,23108800,7.25
VA,47,51,2006,7673725,3.1,326087100,5.15
WA,48,53,2006,6370753,5.0,257120000,7.35
WV,49,54,2006,1827912,4.9,52193700,5.85
WI,50,55,2006,5577655,4.7,202649300,5.7
WY,51,56,2006,522667,3.2,22771000,5.15
AL,1,1,2007,4672840,4.0,152327000,5.15
AK,2,2,2007,680300,6.3,29838900,7.15
AZ,3,4,2007,6167681,3.9,220735900,6.75
AR,4,5,2007,2848650,5.3,88508300,6.25
CA,5,6,2007,36250311,5.4,1581573300,7.5
CO,6,8,2007,4803868,3.7,201875500,6.85
CT,7,9,2007,3527270,4.5,204090200,7.65
DE,8,10,2007,871749,3.4,36340600,6.65
DC,9,11,2007,574404,5.5,34480200,7
FL,10,12,2007,18367842,4.0,727404700,6.67
GA,11,13,2007,9349988,4.5,332135800,5.15
HI,12,15,2007,1315675,2.8,53423100,7.25
ID,13,16,2007,1505105,3.1,49123000,5.15
IL,14,17,2007,12695866,5.0,538060100,7.5
IN,15,18,2007,6379599,4.6,216814300,5.15
IA,16,19,2007,2999212,3.7,109889600,5.15
KS,17,20,2007,2783785,4.2,105257100,2.65
KY,18,21,2007,4256672,5.4,134575800,5.15
LA,19,22,2007,4375581,4.3,157374300,5.15
ME,20,23,2007,1327040,4.7,47356700,6.75
MD,21,24,2007,5653408,3.5,269020900,6.15
MA,22,25,2007,6431559,4.6,323111300,7.5
MI,23,26,2007,10001284,7.0,347961900,6.95
MN,24,27,2007,5207203,4.6,217244300,6.15
MS,25,28,2007,2928350,6.1,85999500,5.15
MO,26,29,2007,5887612,5.1,208403600,6.5
MT,27,30,2007,964706,3.6,32716600,6.15
NE,28,31,2007,1783440,3.0,68466100,5.15
NV,29,32,2007,2601072,4.5,104564600,6.15
NH,30,33,2007,1312540,3.5,58631300,5.15
NJ,31,34,2007,8677885,4.3,440165600,7.15
NM,32,35,2007,1990070,3.8,63418400,5.15
NY,33,36,2007,19132335,4.6,909175200,7.15
NC,34,37,2007,9118037,4.7,329509400,6.15
ND,35,38,2007,652822,3.1,23686500,5.15
OH,36,39,2007,11500468,5.6,408493700,6.85
OK,37,40,2007,3634349,4.1,127864100,5.15
OR,38,41,2007,3722417,5.2,134019600,7.8
PA,39,42,2007,12563937,4.4,505303600,6.25
RI,40,44,2007,1057315,5.2,43394600,7.4
SC,41,45,2007,4444110,5.7,143383700,5.15
SD,42,46,2007,791623,2.8,30604700,5.15
TN,43,47,2007,6175727,4.7,209963600,5.15
TX,44,48,2007,23831983,4.3,873354000,5.15
UT,45,49,2007,2597746,2.6,86046000,5.15
VT,46,50,2007,623481,4.0,24319700,7.53
VA,47,51,2007,7751000,3.0,343153100,5.15
WA,48,53,2007,6461587,4.7,278686900,7.93
WV,49,54,2007,1834052,4.6,54128800,5.85
WI,50,55,2007,5610775,4.9,211964900,6.5
WY,51,56,2007,534876,2.8,24263400,5.15
AL,1,1,2008,4718206,5.7,157366800,5.85
AK,2,2,2008,687455,6.7,32825100,7.15
AZ,3,4,2008,6280362,6.2,223345800,6.9
AR,4,5,2008,2874554,5.5,91812100,6.25
CA,5,6,2008,36604337,7.3,1606579900,8
CO,6,8,2008,4889730,4.8,208738000,7.02
CT,7,9,2008,3545579,5.7,216865300,7.65
DE,8,10,2008,883874,4.9,35993200,7.15
DC,9,11,2008,580236,6.5,35462300,7
FL,10,12,2008,18527305,6.3,727138500,6.79
GA,11,13,2008,9504843,6.2,334334500,5.15
HI,12,15,2008,1332213,4.3,56059900,7.25
ID,13,16,2008,1534320,5.1,50205400,5.85
IL,14,17,2008,12747038,6.3,551531000,7.75
IN,15,18,2008,6424806,5.9,226332700,5.85
IA,16,19,2008,3016734,4.2,116255800,7.25
KS,17,20,2008,2808076,4.6,114543300,2.65
KY,18,21,2008,4289878,6.4,140523400,5.85
LA,19,22,2008,4435586,4.9,168070000,5.85
ME,20,23,2008,1330509,5.5,49300600,7
MD,21,24,2008,5684965,4.2,280998100,6.15
MA,22,25,2008,6468967,5.5,335841400,8
MI,23,26,2008,9946889,8.0,355102700,7.15
MN,24,27,2008,5247018,5.4,226166500,6.15
MS,25,28,2008,2947806,6.6,89845000,6.55
MO,26,29,2008,5923916,6.1,219503300,6.65
MT,27,30,2008,976415,5.1,34421400,6.25
NE,28,31,2008,1796378,3.3,72259900,5.85
NV,29,32,2008,2653630,6.7,102785500,6.33
NH,30,33,2008,1315906,3.9,60129000,6.5
NJ,31,34,2008,8711090,5.3,453018900,7.15
NM,32,35,2008,2010662,4.5,67242100,6.5
NY,33,36,2008,19212436,5.4,928501900,7.15
NC,34,37,2008,9309449,6.1,350848300,6.15
ND,35,38,2008,657569,3.2,26555200,5.85
OH,36,39,2008,11515391,6.4,421412100,7
OK,37,40,2008,3668976,3.7,141505900,5.85
OR,38,41,2008,3768748,6.5,139695900,7.95
PA,39,42,2008,12612285,5.3,523556700,7.15
RI,40,44,2008,1055003,7.8,44051500,7.4
SC,41,45,2008,4528996,6.8,149285900,5.85
SD,42,46,2008,799124,3.1,32691300,5.85
TN,43,47,2008,6247411,6.6,217598600,5.85
TX,44,48,2008,24309039,4.8,954649800,5.85
UT,45,49,2008,2663029,3.6,90161800,5.85
VT,46,50,2008,624151,4.7,25530400,7.68
VA,47,51,2008,7833496,3.9,355931400,5.85
WA,48,53,2008,6562231,5.4,292402800,8.07
WV,49,54,2008,1840310,4.3,57523700,6.55
WI,50,55,2008,5640996,4.9,219492800,6.5
WY,51,56,2008,546043,3.1,26533700,5.15
AL,1,1,2009,4757938,11.0,155145300,6.55
AK,2,2,2009,698895,7.7,32896400,7.15
AZ,3,4,2009,6343154,9.9,211975300,7.25
AR,4,5,2009,2896843,7.8,90246000,6.25
CA,5,6,2009,36961229,11.2,1554013300,8
CO,6,8,2009,4972195,7.3,198800200,7.28
CT,7,9,2009,3561807,7.9,213612100,8
DE,8,10,2009,891730,8.300000000000001,36284200,7.15
DC,9,11,2009,592228,9.300000000000001,35798800,7.55
FL,10,12,2009,18652644,10.4,682891700,7.21
GA,11,13,2009,9620846,9.9,327516300,5.15
HI,12,15,2009,1346717,7.2,55690000,7.25
ID,13,16,2009,1554439,8.800000000000001,48477000,6.55
IL,14,17,2009,12796778,10.2,525210699.9999999,8
IN,15,18,2009,6459325,10.3,220274800,6.55
IA,16,19,2009,3032870,6.4,112628000,7.25
KS,17,20,2009,2832704,6.9,110724200,2.65
KY,18,21,2009,4317074,10.3,138823400,6.55
LA,19,22,2009,4491648,6.8,163751600,6.55
ME,20,23,2009,1329590,8.1,49267600,7.25
MD,21,24,2009,5730388,7.0,279384200,6.55
MA,22,25,2009,6517613,8.1,332020600,8
MI,23,26,2009,9901591,13.7,336954500,7.4
MN,24,27,2009,5281203,7.8,216607400,6.15
MS,25,28,2009,2958774,9.5,88333000,6.55
MO,26,29,2009,5961088,9.300000000000001,215681800,7.05
MT,27,30,2009,983982,6.8,33711500,6.9
NE,28,31,2009,1812683,4.6,71173500,6.55
NV,29,32,2009,2684665,11.3,96858600,6.85
NH,30,33,2009,1316102,6.2,59082500,7.25
NJ,31,34,2009,8755602,9.1,439087900,7.15
NM,32,35,2009,2036802,7.5,66661800,7.5
NY,33,36,2009,19307066,8.300000000000001,912779000,7.15
NC,34,37,2009,9449566,10.6,338315700,6.55
ND,35,38,2009,664968,4.1,26361300,6.55
OH,36,39,2009,11528896,10.3,409648000,7.3
OK,37,40,2009,3717572,6.4,131371000,6.55
OR,38,41,2009,3808600,11.3,135132200,8.4
PA,39,42,2009,12666858,8.0,511617900,7.15
RI,40,44,2009,1053646,11.0,42952600,7.4
SC,41,45,2009,4589872,11.2,145622100,6.55
SD,42,46,2009,807067,4.9,31794600,6.55
TN,43,47,2009,6306019,10.5,216041800,6.55
TX,44,48,2009,24801761,7.6,910498600,6.55
UT,45,49,2009,2723421,7.3,86695600,6.55
VT,46,50,2009,624817,6.6,25164300,8.06
VA,47,51,2009,7925937,6.7,349712100,6.55
WA,48,53,2009,6667426,9.199999999999999,279749700,8.550000000000001
WV,49,54,2009,1847775,7.7,57948900,7.25
WI,50,55,2009,5669264,8.6,215830800,6.5
WY,51,56,2009,559851,6.3,24486700,5.15
AL,1,1,2010,4785161,10.5,161516600,7.25
AK,2,2,2010,714021,7.9,35293800,7.75
AZ,3,4,2010,6408208,10.4,215523600,7.25
AR,4,5,2010,2922394,8.199999999999999,93290500,6.25
CA,5,6,2010,37334079,12.2,1628457600,8
CO,6,8,2010,5048254,8.699999999999999,205372400,7.24
CT,7,9,2010,3579717,9.1,222226000,8.25
DE,8,10,2010,899791,8.4,36725700,7.25
DC,9,11,2010,605126,9.4,38481500,8.25
FL,10,12,2010,18849890,11.1,725074000,7.25
GA,11,13,2010,9713454,10.5,335268400,5.15
HI,12,15,2010,1363980,6.9,57179100,7.25
ID,13,16,2010,1570986,9.0,50196600,7.25
IL,14,17,2010,12841249,10.4,540492600,8
IN,15,18,2010,6490590,10.4,230109200,7.25
IA,16,19,2010,3050694,6.0,116247400,7.25
KS,17,20,2010,2858824,7.1,113077300,7.25
KY,18,21,2010,4347937,10.2,144103300,7.25
LA,19,22,2010,4544951,8.0,171098200,7.25
ME,20,23,2010,1327695,8.1,50330500,7.5
MD,21,24,2010,5788409,7.7,289469900,7.25
MA,22,25,2010,6565036,8.300000000000001,348423300,8
MI,23,26,2010,9877369,12.6,349577700,7.4
MN,24,27,2010,5310903,7.4,226273400,6.15
MS,25,28,2010,2970316,10.4,91795400,7.25
MO,26,29,2010,5996052,9.6,220788100,7.25
MT,27,30,2010,990643,7.3,35561800,7.25
NE,28,31,2010,1830025,4.6,74864200,7.25
NV,29,32,2010,2703440,13.5,100605800,7.55
NH,30,33,2010,1316708,5.8,61604600,7.25
NJ,31,34,2010,8803881,9.5,452466400,7.25
NM,32,35,2010,2064741,8.1,69250200,7.5
NY,33,36,2010,19402920,8.6,950069100,7.25
NC,34,37,2010,9558979,10.9,341627600,7.25
ND,35,38,2010,674530,3.8,29344600,7.25
OH,36,39,2010,11540766,10.3,422046200,7.3
OK,37,40,2010,3759596,6.8,137392800,7.25
OR,38,41,2010,3837972,10.6,138618000,8.4
PA,39,42,2010,12712014,8.5,534469900,7.25
RI,40,44,2010,1053219,11.2,45261000,7.4
SC,41,45,2010,4635894,11.2,150462900,7.25
SD,42,46,2010,816299,5.0,33596200,7.25
TN,43,47,2010,6356585,9.699999999999999,226586600,7.25
TX,44,48,2010,25244363,8.1,966149700,7.25
UT,45,49,2010,2775426,7.8,89242400,7.25
VT,46,50,2010,625984,6.1,25939100,8.06
VA,47,51,2010,8025787,7.1,365041400,7.25
WA,48,53,2010,6743060,10.0,287760300,8.550000000000001
WV,49,54,2010,1854225,8.699999999999999,59927700,7.25
WI,50,55,2010,5690204,8.699999999999999,221909700,7.25
WY,51,56,2010,564516,6.4,25804900,5.15
AL,1,1,2011,4801108,9.6,167942800,7.25
AK,2,2,2011,722720,7.6,37827800,7.75
AZ,3,4,2011,6468732,9.5,226365300,7.35
AR,4,5,2011,2938538,8.300000000000001,99571500,6.25
CA,5,6,2011,37700034,11.7,1737940000,8
CO,6,8,2011,5119480,8.4,223153200,7.36
CT,7,9,2011,3589759,8.800000000000001,228929400,8.25
DE,8,10,2011,907916,7.5,39825600,7.25
DC,9,11,2011,620472,10.2,41786300,8.25
FL,10,12,2011,19105533,10.0,764633700,7.25
GA,11,13,2011,9812280,10.2,358538600,5.15
HI,12,15,2011,1378227,6.8,60044600,7.25
ID,13,16,2011,1584134,8.300000000000001,53082600,7.25
IL,14,17,2011,12861882,9.699999999999999,567967500,8.25
IN,15,18,2011,6516845,9.1,245346400,7.25
IA,16,19,2011,3065389,5.5,125560500,7.25
KS,17,20,2011,2869917,6.5,122562000,7.25
KY,18,21,2011,4367882,9.4,151299900,7.25
LA,19,22,2011,4575381,7.8,177105100,7.25
ME,20,23,2011,1328257,7.9,52424400,7.5
MD,21,24,2011,5844171,7.2,306179600,7.25
MA,22,25,2011,6611797,7.3,365742700,8
MI,23,26,2011,9876589,10.4,370676100,7.4
MN,24,27,2011,5348119,6.5,242440300,6.15
MS,25,28,2011,2977999,10.0,95795200,7.25
MO,26,29,2011,6010587,8.5,230429700,7.25
MT,27,30,2011,997746,6.9,38077700,7.35
NE,28,31,2011,1842383,4.4,83613600,7.25
NV,29,32,2011,2718819,13.0,104579400,8.25
NH,30,33,2011,1318344,5.4,64589700,7.25
NJ,31,34,2011,8842934,9.300000000000001,474015500,7.25
NM,32,35,2011,2078226,7.5,72820300,7.5
NY,33,36,2011,19523202,8.300000000000001,1004130300,7.25
NC,34,37,2011,9651025,10.3,355052300,7.25
ND,35,38,2011,685326,3.5,32882200,7.25
OH,36,39,2011,11545442,8.800000000000001,451011100,7.4
OK,37,40,2011,3786626,5.9,147889500,7.25
OR,38,41,2011,3868509,9.5,146432200,8.5
PA,39,42,2011,12745202,7.9,563434900,7.25
RI,40,44,2011,1051856,11.0,47067000,7.4
SC,41,45,2011,4672733,10.6,159187400,7.25
SD,42,46,2011,824289,4.7,36741900,7.25
TN,43,47,2011,6398408,9.0,240717700,7.25
TX,44,48,2011,25654464,7.8,1057757500,7.25
UT,45,49,2011,2816440,6.7,96245300,7.25
VT,46,50,2011,626687,5.5,27455200,8.15
VA,47,51,2011,8110783,6.6,387003900,7.25
WA,48,53,2011,6823229,9.300000000000001,304986900,8.67
WV,49,54,2011,1854948,8.1,63349200,7.25
WI,50,55,2011,5709720,7.8,234910000,7.25
WY,51,56,2011,567768,5.8,28356600,5.15
AL,1,1,2012,4816089,8.0,172804100,7.25
AK,2,2,2012,731228,7.1,39169200,7.75
AZ,3,4,2012,6553262,8.300000000000001,236846100,7.65
AR,4,5,2012,2949499,7.6,106984700,6.25
CA,5,6,2012,38056055,10.4,1852397500,8
CO,6,8,2012,5191731,7.9,237141500,7.64
CT,7,9,2012,3593541,8.300000000000001,233337800,8.25
DE,8,10,2012,917099,7.2,40338400,7.25
DC,9,11,2012,635342,9.0,43426900,8.25
FL,10,12,2012,19352021,8.5,793428800,7.67
GA,11,13,2012,9917639,9.199999999999999,368868100,5.15
HI,12,15,2012,1392641,6.0,62455900,7.25
ID,13,16,2012,1596097,7.2,56139800,7.25
IL,14,17,2012,12875167,9.0,593239100,8.25
IN,15,18,2012,6538283,8.300000000000001,257149500,7.25
IA,16,19,2012,3076636,5.0,131984200,7.25
KS,17,20,2012,2886281,5.7,130182000,7.25
KY,18,21,2012,4382667,8.199999999999999,156827600,7.25
LA,19,22,2012,4603676,7.1,186589400,7.25
ME,20,23,2012,1328888,7.5,53490000,7.5
MD,21,24,2012,5890740,7.0,315230900,7.25
MA,22,25,2012,6657780,6.7,382009400,8
MI,23,26,2012,9886879,9.1,386568400,7.4
MN,24,27,2012,5380443,5.6,257319700,6.15
MS,25,28,2012,2985660,9.0,99386400,7.25
MO,26,29,2012,6025468,6.9,241762700,7.25
MT,27,30,2012,1005157,6.0,40471000,7.65
NE,28,31,2012,1855973,4.0,86293700,7.25
NV,29,32,2012,2754874,11.2,108825100,8.25
NH,30,33,2012,1321393,5.5,67528800,7.25
NJ,31,34,2012,8874893,9.300000000000001,491662000,7.25
NM,32,35,2012,2084792,7.1,74578400,7.5
NY,33,36,2012,19606981,8.5,1056671200,7.25
NC,34,37,2012,9747021,9.300000000000001,379925300,7.25
ND,35,38,2012,702265,3.1,38859800,7.25
OH,36,39,2012,11551783,7.4,469260800,7.7
OK,37,40,2012,3817679,5.2,158353900,7.25
OR,38,41,2012,3899444,8.800000000000001,154408500,8.800000000000001
PA,39,42,2012,12772789,7.8,587521900,7.25
RI,40,44,2012,1052393,10.4,48810300,7.4
SC,41,45,2012,4721341,9.199999999999999,167797500,7.25
SD,42,46,2012,834631,4.3,37659400,7.25
TN,43,47,2012,6455469,7.8,253613100,7.25
TX,44,48,2012,26089741,6.7,1132222100,7.25
UT,45,49,2012,2856343,5.4,103120600,7.25
VT,46,50,2012,626398,5.0,28395700,8.460000000000001
VA,47,51,2012,8193374,6.1,405863900,7.25
WA,48,53,2012,6897292,8.1,329258600,9.039999999999999
WV,49,54,2012,1856283,7.5,65206200,7.25
WI,50,55,2012,5726422,7.0,246150800,7.25
WY,51,56,2012,577080,5.3,30846100,5.15
AL,1,1,2013,4830533,7.2,174415500,7.25
AK,2,2,2013,737442,7.0,38859500,7.75
AZ,3,4,2013,6630799,7.7,242855600,7.8
AR,4,5,2013,2957957,7.2,107240700,6.25
CA,5,6,2013,38414128,8.9,1886379100,8
CO,6,8,2013,5271132,6.9,249281600,7.78
CT,7,9,2013,3597168,7.8,228470900,8.25
DE,8,10,2013,925353,6.7,40949400,7.25
DC,9,11,2013,649540,8.5,44189300,8.25
FL,10,12,2013,19594467,7.2,795424900,7.79
GA,11,13,2013,9991562,8.199999999999999,374489100,5.15
HI,12,15,2013,1408765,4.9,63316600,7.25
ID,13,16,2013,1612785,6.1,58338000,7.25
IL,14,17,2013,12889580,9.0,607670800,8.25
IN,15,18,2013,6570518,7.7,260424700,7.25
IA,16,19,2013,3092224,4.7,134463500,7.25
KS,17,20,2013,2894630,5.3,132978600,7.25
KY,18,21,2013,4398500,8.0,158218400,7.25
LA,19,22,2013,4627491,6.7,189197100,7.25
ME,20,23,2013,1328778,6.6,53346400,7.5
MD,21,24,2013,5936040,6.6,314266500,7.25
MA,22,25,2013,6708810,6.7,385191900,8
MI,23,26,2013,9900506,8.800000000000001,390199800,7.4
MN,24,27,2013,5420541,5.0,259538900,6.15
MS,25,28,2013,2990976,8.5,101176700,7.25
MO,26,29,2013,6043708,6.7,243582300,7.35
MT,27,30,2013,1014402,5.4,40720800,7.8
NE,28,31,2013,1869300,3.8,86913900,7.25
NV,29,32,2013,2790366,9.6,109055100,8.25
NH,30,33,2013,1322660,5.1,67320400,7.25
NJ,31,34,2013,8907384,8.199999999999999,496465000,7.25
NM,32,35,2013,2086890,6.9,73412300,7.5
NY,33,36,2013,19691032,7.7,1069556500,7.25
NC,34,37,2013,9845432,8.0,376023900,7.25
ND,35,38,2013,723626,2.9,38860600,7.25
OH,36,39,2013,11572232,7.5,475776300,7.85
OK,37,40,2013,3853405,5.3,166063300,7.25
OR,38,41,2013,3928030,7.9,156977100,8.949999999999999
PA,39,42,2013,12783536,7.4,592973400,7.25
RI,40,44,2013,1052856,9.300000000000001,48772700,7.75
SC,41,45,2013,4768498,7.6,170227200,7.25
SD,42,46,2013,845270,3.8,38108600,7.25
TN,43,47,2013,6496130,7.8,256016000,7.25
TX,44,48,2013,26500674,6.3,1159745600,7.25
UT,45,49,2013,2903685,4.6,106427200,7.25
VT,46,50,2013,627129,4.4,28768700,8.6
VA,47,51,2013,8267875,5.7,403199100,7.25
WA,48,53,2013,6973281,7.0,336333900,9.19
WV,49,54,2013,1852985,6.8,64785000,7.25
WI,50,55,2013,5743653,6.7,247744900,7.25
WY,51,56,2013,583131,4.7,30789600,5.15
AL,1,1,2014,4846411,6.8,180457800,7.25
AK,2,2,2014,737046,6.9,41110400,7.75
AZ,3,4,2014,6728783,6.8,257410000,7.9
AR,4,5,2014,2966835,6.0,113545500,6.25
CA,5,6,2014,38792291,7.5,2021038500,9
CO,6,8,2014,5355588,5.0,271307500,8
CT,7,9,2014,3594762,6.6,238999100,8.699999999999999
DE,8,10,2014,935968,5.7,42888300,7.75
DC,9,11,2014,659836,7.8,47259900,9.5
FL,10,12,2014,19905569,6.3,856161700,7.93
GA,11,13,2014,10097132,7.1,400696100,5.15
HI,12,15,2014,1420257,4.4,66846100.00000001,7.25
ID,13,16,2014,1634806,4.8,61827100,7.25
IL,14,17,2014,12882189,7.1,637279300,8.25
IN,15,18,2014,6597880,6.0,270986100,7.25
IA,16,19,2014,3109481,4.2,139303400,7.25
KS,17,20,2014,2902507,4.5,135975800,7.25
KY,18,21,2014,4412617,6.5,165914600,7.25
LA,19,22,2014,4648990,6.4,198233900,7.25
ME,20,23,2014,1330256,5.6,55650000,7.5
MD,21,24,2014,5975346,5.8,325835800,7.25
MA,22,25,2014,6755124,5.7,405505900,8
MI,23,26,2014,9916306,7.2,408617600,8.15
MN,24,27,2014,5457125,4.2,273960600,8
MS,25,28,2014,2993443,7.5,103310800,7.25
MO,26,29,2014,6063827,6.1,252999700,7.5
MT,27,30,2014,1023252,4.7,42817500,7.9
NE,28,31,2014,1882980,3.3,91999000,7.25
NV,29,32,2014,2838281,7.9,116945300,8.25
NH,30,33,2014,1327996,4.3,70225200,7.25
NJ,31,34,2014,8938844,6.8,520079400,8.25
NM,32,35,2014,2085567,6.7,77722300,7.5
NY,33,36,2014,19748858,6.3,1115352200,8
NC,34,37,2014,9940387,6.3,397995900,7.25
ND,35,38,2014,740040,2.7,41526200,7.25
OH,36,39,2014,11596998,5.8,496069300,7.95
OK,37,40,2014,3879610,4.5,176621900,7.25
OR,38,41,2014,3971202,6.8,168408800,9.1
PA,39,42,2014,12793767,5.9,619388000,7.25
RI,40,44,2014,1054907,7.7,50863500,8
SC,41,45,2014,4829160,6.5,181483000,7.25
SD,42,46,2014,853304,3.4,39872200,7.25
TN,43,47,2014,6547779,6.6,266873400,7.25
TX,44,48,2014,26979078,5.1,1248733000,7.25
UT,45,49,2014,2944498,3.8,113140900,7.25
VT,46,50,2014,626767,3.9,29886700,8.73
VA,47,51,2014,8328098,5.2,421874500,7.25
WA,48,53,2014,7063166,6.1,363327100,9.32
WV,49,54,2014,1848751,6.6,66863500,7.25
WI,50,55,2014,5759432,5.4,258489400,7.25
WY,51,56,2014,584304,4.1,33035300,5.15
AL,1,1,2015,4858979,6.1,187544400,7.25
AK,2,2,2015,738432,6.5,42469900,8.75
AZ,3,4,2015,6828065,6.1,271132800,8.050000000000001
AR,4,5,2015,2978204,5.0,117180600,7.5
CA,5,6,2015,39144818,6.2,2171947400,9
CO,6,8,2015,5456574,3.9,284233900,8.23
CT,7,9,2015,3590886,5.7,244982300,9.15
DE,8,10,2015,945934,4.9,45150700,8.25
DC,9,11,2015,672228,6.9,50940500,10.5
FL,10,12,2015,20271272,5.5,915895500,8.050000000000001
GA,11,13,2015,10214860,6.0,424356300,5.15
HI,12,15,2015,1431603,3.6,70384500,7.75
ID,13,16,2015,1654930,4.2,65825200,7.25
IL,14,17,2015,12859995,6.0,662760800,8.25
IN,15,18,2015,6619680,4.8,281691600,7.25
IA,16,19,2015,3123899,3.8,144287800,7.25
KS,17,20,2015,2911641,4.2,137868300,7.25
KY,18,21,2015,4425092,5.3,173025600,7.25
LA,19,22,2015,4670724,6.3,200748500,7.25
ME,20,23,2015,1329328,4.4,57947700,7.5
MD,21,24,2015,6006401,5.1,342074300,8.25
MA,22,25,2015,6794422,4.8,432102300,9
MI,23,26,2015,9922576,5.4,432391500,8.15
MN,24,27,2015,5489594,3.7,286818700,9
MS,25,28,2015,2992333,6.4,104670100,7.25
MO,26,29,2015,6083672,5.0,261666500,7.65
MT,27,30,2015,1032949,4.2,44831000,8.050000000000001
NE,28,31,2015,1896190,3.0,95687400,8
NV,29,32,2015,2890845,6.8,126408000,8.25
NH,30,33,2015,1330608,3.4,73212400,7.25
NJ,31,34,2015,8958013,5.8,542097300,8.380000000000001
NM,32,35,2015,2085109,6.5,79973400,7.5
NY,33,36,2015,19795791,5.3,1162801400,8.75
NC,34,37,2015,10042802,5.7,419891500,7.25
ND,35,38,2015,756927,2.8,40600600,7.25
OH,36,39,2015,11613423,4.9,515138500,8.1
OK,37,40,2015,3911338,4.4,172992100,7.25
OR,38,41,2015,4028977,5.6,181491700,9.25
PA,39,42,2015,12802503,5.3,644119500,7.25
RI,40,44,2015,1056298,6.0,52865000,9
SC,41,45,2015,4896146,6.0,193225800,7.25
SD,42,46,2015,858469,3.1,41547900,8.5
TN,43,47,2015,6600299,5.6,280719500,7.25
TX,44,48,2015,27469114,4.4,1280251000,7.25
UT,45,49,2015,2995919,3.6,121884900,7.25
VT,46,50,2015,626042,3.6,30998700,9.15
VA,47,51,2015,8382993,4.5,442331400,7.25
WA,48,53,2015,7170351,5.6,385687900,9.470000000000001
WV,49,54,2015,1844128,6.7,67997300,8
WI,50,55,2015,5771337,4.6,268947700,7.25
WY,51,56,2015,586107,4.3,33442400,5.15
AL,1,1,2016,4863300,5.8,190814700,7.25
AK,2,2,2016,741894,6.9,41536200,9.75
AZ,3,4,2016,6931071,5.4,282477600,8.050000000000001
AR,4,5,2016,2988248,4.0,120059500,8
CA,5,6,2016,39250017,5.5,2263889800,10
CO,6,8,2016,5540545,3.2,289580600,8.31
CT,7,9,2016,3576452,5.1,249580900,9.6
DE,8,10,2016,952065,4.5,46042100,8.25
DC,9,11,2016,681170,6.1,53192400,11.5
FL,10,12,2016,20612439,4.8,942461200,8.050000000000001
GA,11,13,2016,10310371,5.4,439943000,5.15
HI,12,15,2016,1428557,3.0,72878600,8.5
ID,13,16,2016,1683140,3.8,68444500,7.25
IL,14,17,2016,12801539,5.8,670504200,8.25
IN,15,18,2016,6633053,4.4,290147800,7.25
IA,16,19,2016,3134693,3.6,145411300,7.25
KS,17,20,2016,2907289,4.0,138314600,7.25
KY,18,21,2016,4436974,5.1,175920500,7.25
LA,19,22,2016,4681666,6.1,199879200,7.25
ME,20,23,2016,1331479,3.8,59697100,7.5
MD,21,24,2016,6016447,4.5,354450600,8.75
MA,22,25,2016,6811779,3.9,446918300,10
MI,23,26,2016,9928300,5.0,446521100,8.5
MN,24,27,2016,5519952,3.9,293893900,9.5
MS,25,28,2016,2988726,5.8,106423500,7.25
MO,26,29,2016,6093000,4.6,269880500,7.65
MT,27,30,2016,1042520,4.1,45507900,8.050000000000001
NE,28,31,2016,1907116,3.1,94730800,9
NV,29,32,2016,2940058,5.7,131294000,8.25
NH,30,33,2016,1334795,2.9,75816700,7.25
NJ,31,34,2016,8944469,5.0,556439900,8.380000000000001
NM,32,35,2016,2081015,6.6,81252400,7.5
NY,33,36,2016,19745289,4.9,1202568500,9
NC,34,37,2016,10146788,5.1,433195600,7.25
ND,35,38,2016,757952,3.1,39622200,7.25
OH,36,39,2016,11614373,5.0,524043700,8.1
OK,37,40,2016,3923561,4.8,164419000,7.25
OR,38,41,2016,4093465,4.8,190241000,9.75
PA,39,42,2016,12784227,5.4,659803400,7.25
RI,40,44,2016,1056426,5.2,53425500,9.6
SC,41,45,2016,4961119,5.0,200333300,7.25
SD,42,46,2016,865454,3.0,41959900,8.550000000000001
TN,43,47,2016,6651194,4.7,290560400,7.25
TX,44,48,2016,27862596,4.6,1274394900,7.25
UT,45,49,2016,3051217,3.4,128929400,7.25
VT,46,50,2016,624594,3.2,31678500,9.6
VA,47,51,2016,8411808,4.1,450870200,7.25
WA,48,53,2016,7288000,5.3,407654100,9.470000000000001
WV,49,54,2016,1831102,6.1,67617900,8.75
WI,50,55,2016,5778708,4.0,274504700,7.25
WY,51,56,2016,585501,5.3,31908000,5.15
AL,1,1,2017,4874747,4.4,197283200,7.25
AK,2,2,2017,739795,7.0,42015300,9.800000000000001
AZ,3,4,2017,7016270,4.9,299613000,10
AR,4,5,2017,3004279,3.7,124683800,8.5
CA,5,6,2017,39536653,4.8,2370112400,10
CO,6,8,2017,5607154,2.7,310754500,9.300000000000001
CT,7,9,2017,3588184,4.7,258079300,10.1
DE,8,10,2017,961939,4.5,48189000,8.25
DC,9,11,2017,693972,6.1,54938200,11.5
FL,10,12,2017,20984400,4.2,1004144300,8.1
GA,11,13,2017,10429379,4.7,463755700,5.15
HI,12,15,2017,1427538,2.4,75689500,9.25
ID,13,16,2017,1716943,3.2,72355100,7.25
IL,14,17,2017,12802023,4.9,689723800,8.25
IN,15,18,2017,6666818,3.6,301203000,7.25
IA,16,19,2017,3145711,3.1,149191200,7.25
KS,17,20,2017,2913123,3.7,142241600,7.25
KY,18,21,2017,4454189,4.9,182604600,7.25
LA,19,22,2017,4684333,5.1,205227400,7.25
ME,20,23,2017,1335907,3.4,62173500,9
MD,21,24,2017,6052177,4.3,364575800,8.75
MA,22,25,2017,6859819,3.8,468299700,11
MI,23,26,2017,9962311,4.6,461485500,8.9
MN,24,27,2017,5576606,3.4,305795000,9.5
MS,25,28,2017,2984100,5.1,108749200,7.25
MO,26,29,2017,6113532,3.8,279433400,7.7
MT,27,30,2017,1050493,3.9,47717900,8.15
NE,28,31,2017,1920076,2.9,97151000,9
NV,29,32,2017,2998039,5.1,139448500,8.25
NH,30,33,2017,1342795,2.7,78822100,7.25
NJ,31,34,2017,9005644,4.6,577080600,8.44
NM,32,35,2017,2088070,5.9,82733000,7.5
NY,33,36,2017,19849399,4.7,1286022800,9.699999999999999
NC,34,37,2017,10273419,4.5,453769000,7.25
ND,35,38,2017,755393,2.7,39774600,7.25
OH,36,39,2017,11658609,5.0,544140700,8.15
OK,37,40,2017,3930864,4.2,171597400,7.25
OR,38,41,2017,4142776,4.1,200579200,9.75
PA,39,42,2017,12805537,4.9,679731100,7.25
RI,40,44,2017,1059639,4.4,55337500,9.6
SC,41,45,2017,5024369,4.3,211299000,7.25
SD,42,46,2017,869666,3.2,43274600,8.65
TN,43,47,2017,6715984,3.8,301559900,7.25
TX,44,48,2017,28304596,4.3,1357465600,7.25
UT,45,49,2017,3101833,3.3,136543700,7.25
VT,46,50,2017,623657,3.0,32460600,10
VA,47,51,2017,8470020,3.7,468177300,7.25
WA,48,53,2017,7405743,4.7,434758600,11
WV,49,54,2017,1815857,5.2,70218400,8.75
WI,50,55,2017,5795483,3.3,285487400,7.25
WY,51,56,2017,579315,4.2,32638600,5.15
AL,1,1,2018,4887871,3.9,206455000,7.25
AK,2,2,2018,737438,6.6,43818200,9.84
AZ,3,4,2018,7171646,4.8,317912900,10.5
AR,4,5,2018,3013825,3.7,130296700,8.5
CA,5,6,2018,39557045,4.2,2514129300,11
CO,6,8,2018,5695564,3.3,332942600,10.2
CT,7,9,2018,3572665,4.1,273152400,10.1
DE,8,10,2018,967171,3.8,50783100,8.25
DC,9,11,2018,702455,5.6,57604800,13.25
FL,10,12,2018,21299325,3.6,1066446900,8.25
GA,11,13,2018,10519475,3.9,488964100,5.15
HI,12,15,2018,1420491,2.4,78721100,10.1
ID,13,16,2018,1754208,2.8,77012300,7.25
IL,14,17,2018,12741080,4.3,724189100,8.25
IN,15,18,2018,6691878,3.4,315516000,7.25
IA,16,19,2018,3156145,2.5,158197200,7.25
KS,17,20,2018,2911505,3.4,149859100,7.25
KY,18,21,2018,4468402,4.3,189717400,7.25
LA,19,22,2018,4659978,4.9,215488700,7.25
ME,20,23,2018,1338404,3.4,65454100,10
MD,21,24,2018,6042718,3.9,382828900,10.1
MA,22,25,2018,6902149,3.3,494764600,11
MI,23,26,2018,9995915,4.1,484029800,9.25
MN,24,27,2018,5611179,2.9,322727600,9.859999999999999
MS,25,28,2018,2986530,4.8,112991700,7.25
MO,26,29,2018,6126452,3.2,292512800,7.85
MT,27,30,2018,1062305,3.7,50499700,9.300000000000001
NE,28,31,2018,1929268,2.8,102759300,9
NV,29,32,2018,3034392,4.6,149218600,8.25
NH,30,33,2018,1356458,2.5,83142600,7.25
NJ,31,34,2018,8908520,4.1,607884500,8.6
NM,32,35,2018,2095428,4.9,87188800,7.5
NY,33,36,2018,19542209,4.1,1341932000,10.4
NC,34,37,2018,10383620,3.9,478861600,7.25
ND,35,38,2018,760077,2.6,42147700,7.25
OH,36,39,2018,11689442,4.6,569726700,8.300000000000001
OK,37,40,2018,3943079,3.4,182301900,7.25
OR,38,41,2018,4190713,4.2,213070100,10.75
PA,39,42,2018,12807060,4.3,720073400,7.25
RI,40,44,2018,1057315,4.1,57993800,10.1
SC,41,45,2018,5084127,3.4,222188800,7.25
SD,42,46,2018,882235,3.0,46066400,8.85
TN,43,47,2018,6770010,3.5,317514900,7.25
TX,44,48,2018,28701845,3.9,1445270400,7.25
UT,45,49,2018,3161105,3.1,146422500,7.25
VT,46,50,2018,626299,2.7,33928600,10.5
VA,47,51,2018,8517685,3.0,492312700,7.25
WA,48,53,2018,7535591,4.5,467399000,11.5
WV,49,54,2018,1805832,5.3,73808900,8.75
WI,50,55,2018,5813568,3.0,299932700,7.25
WY,51,56,2018,577737,4.1,34872700,5.15
